respondent_id,wave,party,benefit_cut_support
1,1,SF,0
1,2,SF,NA
1,3,SF,NA
1,4,SF,NA
1,5,SF,NA
2,1,NA,0
2,2,NA,NA
2,3,NA,NA
2,4,NA,NA
2,5,NA,NA
3,1,NA,0
3,2,NA,0
3,3,NA,0
3,4,NA,0
3,5,NA,0
4,1,NA,0.5
4,2,NA,0.75
4,3,NA,0.75
4,4,NA,0.75
4,5,NA,NA
5,1,SF,0.75
5,2,SF,NA
5,3,SF,NA
5,4,SF,NA
5,5,SF,NA
6,1,S,0.25
6,2,S,0.5
6,3,S,0.5
6,4,S,0.5
6,5,S,0.5
7,1,V,0.75
7,2,V,0.5
7,3,V,0.75
7,4,V,0.75
7,5,V,0.75
8,1,S,0
8,2,S,0
8,3,S,NA
8,4,S,0
8,5,S,0
9,1,V,1
9,2,V,NA
9,3,V,NA
9,4,V,NA
9,5,V,NA
10,1,C,0.75
10,2,C,0.75
10,3,C,1
10,4,C,1
10,5,C,1
11,1,SF,0.25
11,2,SF,0.25
11,3,SF,0.25
11,4,SF,NA
11,5,SF,NA
12,1,SF,0
12,2,SF,0.25
12,3,SF,0
12,4,SF,0.25
12,5,SF,0
13,1,SF,0
13,2,SF,0
13,3,SF,0
13,4,SF,0
13,5,SF,0
14,1,NA,0.75
14,2,NA,NA
14,3,NA,NA
14,4,NA,NA
14,5,NA,NA
15,1,C,0.75
15,2,C,0.75
15,3,C,0.75
15,4,C,1
15,5,C,0.75
16,1,RV,0.5
16,2,RV,0.5
16,3,RV,0.5
16,4,RV,0.25
16,5,RV,0.25
17,1,V,1
17,2,V,1
17,3,V,1
17,4,V,1
17,5,V,1
18,1,V,0.75
18,2,V,NA
18,3,V,NA
18,4,V,NA
18,5,V,NA
19,1,DF,0
19,2,DF,0
19,3,DF,0.75
19,4,DF,0.25
19,5,DF,NA
20,1,SF,0
20,2,SF,0
20,3,SF,0
20,4,SF,NA
20,5,SF,0
21,1,SF,0.25
21,2,SF,NA
21,3,SF,NA
21,4,SF,NA
21,5,SF,NA
22,1,C,1
22,2,C,1
22,3,C,NA
22,4,C,1
22,5,C,1
23,1,SF,0
23,2,SF,0
23,3,SF,NA
23,4,SF,NA
23,5,SF,0
24,1,NA,0
24,2,NA,0.5
24,3,NA,0.5
24,4,NA,0.5
24,5,NA,0.5
25,1,SF,0.25
25,2,SF,0.75
25,3,SF,0.75
25,4,SF,0.25
25,5,SF,NA
26,1,RV,0
26,2,RV,NA
26,3,RV,NA
26,4,RV,NA
26,5,RV,NA
27,1,NA,1
27,2,NA,0.75
27,3,NA,1
27,4,NA,1
27,5,NA,1
28,1,V,0.5
28,2,V,NA
28,3,V,NA
28,4,V,NA
28,5,V,NA
29,1,C,0.5
29,2,C,NA
29,3,C,NA
29,4,C,NA
29,5,C,NA
30,1,DF,1
30,2,DF,1
30,3,DF,NA
30,4,DF,1
30,5,DF,1
31,1,C,0
31,2,C,0
31,3,C,0.25
31,4,C,0.75
31,5,C,0.5
32,1,DF,1
32,2,DF,0.75
32,3,DF,1
32,4,DF,1
32,5,DF,1
33,1,C,0.75
33,2,C,0.75
33,3,C,1
33,4,C,1
33,5,C,1
34,1,S,0.75
34,2,S,0.75
34,3,S,0.75
34,4,S,NA
34,5,S,NA
35,1,C,1
35,2,C,0.75
35,3,C,1
35,4,C,NA
35,5,C,NA
36,1,SF,0
36,2,SF,NA
36,3,SF,NA
36,4,SF,NA
36,5,SF,NA
37,1,S,0
37,2,S,0
37,3,S,0
37,4,S,0.5
37,5,S,0.25
38,1,S,0
38,2,S,0.25
38,3,S,0
38,4,S,0
38,5,S,0.25
39,1,NA,NA
39,2,NA,NA
39,3,NA,NA
39,4,NA,0.75
39,5,NA,NA
40,1,C,NA
40,2,C,1
40,3,C,0.75
40,4,C,NA
40,5,C,1
41,1,NA,0.75
41,2,NA,NA
41,3,NA,NA
41,4,NA,NA
41,5,NA,NA
42,1,C,0.75
42,2,C,0.75
42,3,C,0.75
42,4,C,0.75
42,5,C,1
43,1,RV,NA
43,2,RV,NA
43,3,RV,NA
43,4,RV,NA
43,5,RV,NA
44,1,SF,0.25
44,2,SF,0.5
44,3,SF,0.5
44,4,SF,0.5
44,5,SF,0.75
45,1,SF,0.25
45,2,SF,0.75
45,3,SF,0.5
45,4,SF,0.5
45,5,SF,0.25
46,1,C,0
46,2,C,NA
46,3,C,NA
46,4,C,NA
46,5,C,NA
47,1,RV,0.5
47,2,RV,NA
47,3,RV,NA
47,4,RV,NA
47,5,RV,NA
48,1,NA,0.25
48,2,NA,0
48,3,NA,0.75
48,4,NA,0.25
48,5,NA,0.25
49,1,S,0
49,2,S,0.25
49,3,S,0.75
49,4,S,NA
49,5,S,NA
50,1,SF,0.75
50,2,SF,0.75
50,3,SF,0.5
50,4,SF,0.5
50,5,SF,0.5
51,1,V,1
51,2,V,NA
51,3,V,NA
51,4,V,NA
51,5,V,NA
52,1,OE,0.25
52,2,OE,0
52,3,OE,0.25
52,4,OE,0.5
52,5,OE,0
53,1,NA,0.75
53,2,NA,1
53,3,NA,1
53,4,NA,NA
53,5,NA,NA
54,1,V,1
54,2,V,NA
54,3,V,NA
54,4,V,NA
54,5,V,NA
55,1,V,1
55,2,V,1
55,3,V,1
55,4,V,0.75
55,5,V,1
56,1,OE,0.5
56,2,OE,NA
56,3,OE,NA
56,4,OE,NA
56,5,OE,NA
57,1,SF,0
57,2,SF,0
57,3,SF,0.25
57,4,SF,NA
57,5,SF,0.25
58,1,SF,0
58,2,SF,0
58,3,SF,0
58,4,SF,0.25
58,5,SF,0
59,1,SF,0
59,2,SF,0
59,3,SF,0
59,4,SF,0
59,5,SF,0
60,1,S,0.25
60,2,S,0
60,3,S,NA
60,4,S,0.25
60,5,S,0.25
61,1,SF,0
61,2,SF,0
61,3,SF,0.75
61,4,SF,0.25
61,5,SF,NA
62,1,NA,1
62,2,NA,NA
62,3,NA,NA
62,4,NA,NA
62,5,NA,NA
63,1,V,0.75
63,2,V,0.5
63,3,V,0.75
63,4,V,1
63,5,V,0.75
64,1,V,0.75
64,2,V,0.75
64,3,V,1
64,4,V,1
64,5,V,1
65,1,C,0
65,2,C,0
65,3,C,0
65,4,C,0.25
65,5,C,0.25
66,1,SF,0
66,2,SF,0
66,3,SF,NA
66,4,SF,0.5
66,5,SF,0
67,1,S,0
67,2,S,NA
67,3,S,NA
67,4,S,NA
67,5,S,NA
68,1,NA,0.25
68,2,NA,0.25
68,3,NA,0.75
68,4,NA,0.25
68,5,NA,0.25
69,1,OE,1
69,2,OE,1
69,3,OE,1
69,4,OE,0
69,5,OE,0
70,1,SF,0.5
70,2,SF,0.5
70,3,SF,0.25
70,4,SF,0.25
70,5,SF,0
71,1,SF,0.75
71,2,SF,0.5
71,3,SF,0.75
71,4,SF,NA
71,5,SF,NA
72,1,NA,1
72,2,NA,0.75
72,3,NA,1
72,4,NA,1
72,5,NA,0.75
73,1,SF,0
73,2,SF,NA
73,3,SF,NA
73,4,SF,NA
73,5,SF,NA
74,1,V,0.5
74,2,V,0
74,3,V,0.25
74,4,V,NA
74,5,V,NA
75,1,C,0.5
75,2,C,0.25
75,3,C,NA
75,4,C,0
75,5,C,0.25
76,1,S,0.25
76,2,S,NA
76,3,S,NA
76,4,S,NA
76,5,S,NA
77,1,OE,0.25
77,2,OE,0
77,3,OE,0.25
77,4,OE,0
77,5,OE,0
78,1,NA,0
78,2,NA,NA
78,3,NA,NA
78,4,NA,NA
78,5,NA,0.5
79,1,S,0.25
79,2,S,0.75
79,3,S,0.75
79,4,S,0.25
79,5,S,0.25
80,1,NA,0
80,2,NA,0
80,3,NA,NA
80,4,NA,NA
80,5,NA,NA
81,1,RV,0.75
81,2,RV,0.75
81,3,RV,1
81,4,RV,0.75
81,5,RV,0.75
82,1,SF,0
82,2,SF,0
82,3,SF,0.25
82,4,SF,NA
82,5,SF,NA
83,1,V,1
83,2,V,NA
83,3,V,NA
83,4,V,NA
83,5,V,NA
84,1,SF,0.25
84,2,SF,0
84,3,SF,0.25
84,4,SF,0.25
84,5,SF,0.25
85,1,SF,0.75
85,2,SF,0.75
85,3,SF,0.75
85,4,SF,0.75
85,5,SF,0.75
86,1,NA,0
86,2,NA,0
86,3,NA,0
86,4,NA,0
86,5,NA,NA
87,1,V,0.5
87,2,V,0.5
87,3,V,1
87,4,V,0.25
87,5,V,0.5
88,1,S,NA
88,2,S,0.5
88,3,S,0.75
88,4,S,0.75
88,5,S,0.75
89,1,RV,1
89,2,RV,1
89,3,RV,1
89,4,RV,0.5
89,5,RV,1
90,1,S,0.75
90,2,S,0.25
90,3,S,0.25
90,4,S,0.25
90,5,S,0.25
91,1,S,NA
91,2,S,NA
91,3,S,NA
91,4,S,NA
91,5,S,NA
92,1,S,0
92,2,S,0
92,3,S,0.75
92,4,S,0.25
92,5,S,0.25
93,1,V,0.25
93,2,V,0.5
93,3,V,NA
93,4,V,0.5
93,5,V,0.75
94,1,SF,0
94,2,SF,NA
94,3,SF,NA
94,4,SF,NA
94,5,SF,NA
95,1,SF,0
95,2,SF,0
95,3,SF,0
95,4,SF,0
95,5,SF,0
96,1,NA,0.75
96,2,NA,0.75
96,3,NA,NA
96,4,NA,0.75
96,5,NA,NA
97,1,SF,0.25
97,2,SF,0
97,3,SF,NA
97,4,SF,0.75
97,5,SF,NA
98,1,C,1
98,2,C,1
98,3,C,1
98,4,C,1
98,5,C,1
99,1,S,0
99,2,S,NA
99,3,S,NA
99,4,S,NA
99,5,S,NA
100,1,C,0.5
100,2,C,NA
100,3,C,NA
100,4,C,NA
100,5,C,NA
101,1,S,0.25
101,2,S,0
101,3,S,0.5
101,4,S,0.25
101,5,S,0
102,1,V,0.5
102,2,V,0.75
102,3,V,0.25
102,4,V,0.5
102,5,V,NA
103,1,S,0.25
103,2,S,0.5
103,3,S,0.25
103,4,S,0.75
103,5,S,NA
104,1,DF,1
104,2,DF,1
104,3,DF,1
104,4,DF,1
104,5,DF,1
105,1,NA,NA
105,2,NA,NA
105,3,NA,NA
105,4,NA,NA
105,5,NA,NA
106,1,C,0.5
106,2,C,0.25
106,3,C,0.75
106,4,C,0.25
106,5,C,0
107,1,Kr,0
107,2,Kr,0.25
107,3,Kr,NA
107,4,Kr,0
107,5,Kr,0
108,1,S,0
108,2,S,0.25
108,3,S,NA
108,4,S,0
108,5,S,NA
109,1,S,0
109,2,S,0
109,3,S,0
109,4,S,0.25
109,5,S,NA
110,1,S,0
110,2,S,0
110,3,S,0
110,4,S,0.5
110,5,S,0
111,1,SF,0
111,2,SF,0
111,3,SF,NA
111,4,SF,NA
111,5,SF,NA
112,1,S,0
112,2,S,0
112,3,S,NA
112,4,S,NA
112,5,S,NA
113,1,SF,0.75
113,2,SF,NA
113,3,SF,NA
113,4,SF,NA
113,5,SF,NA
114,1,SF,0
114,2,SF,0.25
114,3,SF,0.25
114,4,SF,0.25
114,5,SF,0
115,1,DF,0.75
115,2,DF,NA
115,3,DF,NA
115,4,DF,NA
115,5,DF,NA
116,1,V,0.25
116,2,V,0.25
116,3,V,0.25
116,4,V,0
116,5,V,0
117,1,V,0.75
117,2,V,0.5
117,3,V,1
117,4,V,NA
117,5,V,1
118,1,SF,0
118,2,SF,0.25
118,3,SF,0
118,4,SF,0.25
118,5,SF,NA
119,1,V,0.5
119,2,V,0.75
119,3,V,NA
119,4,V,0.75
119,5,V,0.75
120,1,S,1
120,2,S,0.75
120,3,S,1
120,4,S,NA
120,5,S,NA
121,1,RV,1
121,2,RV,1
121,3,RV,1
121,4,RV,1
121,5,RV,1
122,1,SF,0
122,2,SF,0
122,3,SF,NA
122,4,SF,0
122,5,SF,0
123,1,SF,0.5
123,2,SF,0.75
123,3,SF,0.75
123,4,SF,0.5
123,5,SF,0.5
124,1,RV,0.75
124,2,RV,0.75
124,3,RV,0.75
124,4,RV,0.75
124,5,RV,0
125,1,V,0
125,2,V,0
125,3,V,0
125,4,V,NA
125,5,V,NA
126,1,NA,0
126,2,NA,NA
126,3,NA,NA
126,4,NA,NA
126,5,NA,NA
127,1,SF,0
127,2,SF,NA
127,3,SF,NA
127,4,SF,NA
127,5,SF,NA
128,1,RV,0
128,2,RV,0
128,3,RV,0
128,4,RV,0.25
128,5,RV,NA
129,1,RV,0.75
129,2,RV,0.75
129,3,RV,0.75
129,4,RV,0.5
129,5,RV,0.5
130,1,V,1
130,2,V,NA
130,3,V,NA
130,4,V,NA
130,5,V,NA
131,1,S,0
131,2,S,0
131,3,S,0
131,4,S,0
131,5,S,0
132,1,V,0.5
132,2,V,0.5
132,3,V,0
132,4,V,0
132,5,V,0
133,1,S,1
133,2,S,NA
133,3,S,0.25
133,4,S,0.75
133,5,S,0.75
134,1,SF,0
134,2,SF,0
134,3,SF,NA
134,4,SF,0
134,5,SF,0
135,1,V,NA
135,2,V,NA
135,3,V,NA
135,4,V,NA
135,5,V,NA
136,1,C,0.75
136,2,C,NA
136,3,C,NA
136,4,C,NA
136,5,C,NA
137,1,V,1
137,2,V,NA
137,3,V,NA
137,4,V,NA
137,5,V,NA
138,1,SF,0
138,2,SF,NA
138,3,SF,NA
138,4,SF,NA
138,5,SF,NA
139,1,OE,0
139,2,OE,NA
139,3,OE,NA
139,4,OE,NA
139,5,OE,NA
140,1,NA,0
140,2,NA,0
140,3,NA,0
140,4,NA,0
140,5,NA,0
141,1,S,0.25
141,2,S,0.5
141,3,S,0.25
141,4,S,NA
141,5,S,NA
142,1,RV,0.5
142,2,RV,0.25
142,3,RV,0.5
142,4,RV,0.75
142,5,RV,0.75
143,1,S,0.25
143,2,S,0.5
143,3,S,NA
143,4,S,0.75
143,5,S,NA
144,1,NA,1
144,2,NA,0.75
144,3,NA,0.75
144,4,NA,1
144,5,NA,1
145,1,V,0.25
145,2,V,0.25
145,3,V,0.5
145,4,V,0.75
145,5,V,0.5
146,1,RV,NA
146,2,RV,0.5
146,3,RV,NA
146,4,RV,0.5
146,5,RV,0.5
147,1,V,0
147,2,V,NA
147,3,V,NA
147,4,V,NA
147,5,V,NA
148,1,SF,0.5
148,2,SF,0.5
148,3,SF,NA
148,4,SF,NA
148,5,SF,NA
149,1,S,0
149,2,S,0
149,3,S,0
149,4,S,0
149,5,S,NA
150,1,NA,0.5
150,2,NA,NA
150,3,NA,NA
150,4,NA,0.5
150,5,NA,NA
151,1,SF,0.5
151,2,SF,0.25
151,3,SF,0.75
151,4,SF,0.5
151,5,SF,0.25
152,1,C,0.5
152,2,C,NA
152,3,C,NA
152,4,C,0.5
152,5,C,NA
153,1,S,0.75
153,2,S,NA
153,3,S,NA
153,4,S,NA
153,5,S,NA
154,1,SF,0.5
154,2,SF,0
154,3,SF,NA
154,4,SF,0.75
154,5,SF,NA
155,1,NA,0
155,2,NA,0
155,3,NA,NA
155,4,NA,0
155,5,NA,0
156,1,SF,0
156,2,SF,NA
156,3,SF,NA
156,4,SF,0
156,5,SF,NA
157,1,SF,0
157,2,SF,0
157,3,SF,NA
157,4,SF,0
157,5,SF,NA
158,1,C,0.75
158,2,C,0.75
158,3,C,NA
158,4,C,NA
158,5,C,NA
159,1,NA,0.25
159,2,NA,NA
159,3,NA,NA
159,4,NA,0
159,5,NA,NA
160,1,S,0.5
160,2,S,0.5
160,3,S,NA
160,4,S,NA
160,5,S,NA
161,1,V,0.75
161,2,V,NA
161,3,V,NA
161,4,V,NA
161,5,V,NA
162,1,SF,0
162,2,SF,NA
162,3,SF,0
162,4,SF,NA
162,5,SF,NA
163,1,C,0
163,2,C,NA
163,3,C,NA
163,4,C,NA
163,5,C,NA
164,1,S,0
164,2,S,NA
164,3,S,NA
164,4,S,NA
164,5,S,NA
165,1,S,0
165,2,S,0
165,3,S,0
165,4,S,0
165,5,S,NA
166,1,DF,0.75
166,2,DF,NA
166,3,DF,NA
166,4,DF,NA
166,5,DF,NA
167,1,V,0
167,2,V,0
167,3,V,NA
167,4,V,NA
167,5,V,0
168,1,S,0.75
168,2,S,NA
168,3,S,0.75
168,4,S,NA
168,5,S,NA
169,1,SF,0
169,2,SF,1
169,3,SF,0
169,4,SF,NA
169,5,SF,0.5
170,1,C,0.25
170,2,C,NA
170,3,C,NA
170,4,C,NA
170,5,C,NA
171,1,S,0
171,2,S,NA
171,3,S,NA
171,4,S,0.75
171,5,S,0.75
172,1,SF,NA
172,2,SF,NA
172,3,SF,NA
172,4,SF,NA
172,5,SF,NA
173,1,S,0
173,2,S,NA
173,3,S,NA
173,4,S,NA
173,5,S,NA
174,1,S,0
174,2,S,0
174,3,S,0.75
174,4,S,0
174,5,S,0
175,1,SF,0
175,2,SF,0
175,3,SF,0.25
175,4,SF,0
175,5,SF,0
176,1,S,0
176,2,S,NA
176,3,S,NA
176,4,S,NA
176,5,S,NA
177,1,NA,0.75
177,2,NA,NA
177,3,NA,NA
177,4,NA,NA
177,5,NA,NA
178,1,C,0.75
178,2,C,0.75
178,3,C,1
178,4,C,1
178,5,C,0.5
179,1,SF,0
179,2,SF,NA
179,3,SF,NA
179,4,SF,NA
179,5,SF,NA
180,1,V,0.75
180,2,V,1
180,3,V,1
180,4,V,1
180,5,V,1
181,1,SF,0
181,2,SF,0
181,3,SF,0
181,4,SF,0
181,5,SF,NA
182,1,C,1
182,2,C,1
182,3,C,1
182,4,C,1
182,5,C,NA
183,1,C,0
183,2,C,0.25
183,3,C,NA
183,4,C,0
183,5,C,0.25
184,1,SF,0.25
184,2,SF,0.25
184,3,SF,0
184,4,SF,0.75
184,5,SF,0.75
185,1,LA,0.75
185,2,LA,0.75
185,3,LA,0.75
185,4,LA,0.75
185,5,LA,0.25
186,1,NA,0.5
186,2,NA,0.75
186,3,NA,0.75
186,4,NA,NA
186,5,NA,NA
187,1,V,0.75
187,2,V,0.75
187,3,V,NA
187,4,V,NA
187,5,V,NA
188,1,C,0.75
188,2,C,0.75
188,3,C,0.75
188,4,C,NA
188,5,C,0.75
189,1,C,0.25
189,2,C,0.75
189,3,C,0.75
189,4,C,1
189,5,C,NA
190,1,OE,0
190,2,OE,0
190,3,OE,NA
190,4,OE,0
190,5,OE,NA
191,1,S,0.25
191,2,S,0.75
191,3,S,0.5
191,4,S,0.25
191,5,S,0.25
192,1,NA,0.25
192,2,NA,NA
192,3,NA,0
192,4,NA,NA
192,5,NA,NA
193,1,S,NA
193,2,S,NA
193,3,S,NA
193,4,S,NA
193,5,S,NA
194,1,V,0.75
194,2,V,NA
194,3,V,NA
194,4,V,NA
194,5,V,NA
195,1,V,NA
195,2,V,NA
195,3,V,NA
195,4,V,NA
195,5,V,NA
196,1,S,1
196,2,S,0
196,3,S,NA
196,4,S,NA
196,5,S,NA
197,1,V,0.75
197,2,V,1
197,3,V,NA
197,4,V,1
197,5,V,0.75
198,1,DF,0
198,2,DF,0
198,3,DF,0
198,4,DF,NA
198,5,DF,0
199,1,NA,1
199,2,NA,1
199,3,NA,1
199,4,NA,1
199,5,NA,1
200,1,V,0.75
200,2,V,0.75
200,3,V,1
200,4,V,0.75
200,5,V,1
201,1,SF,0.75
201,2,SF,NA
201,3,SF,0.75
201,4,SF,NA
201,5,SF,0.75
202,1,C,1
202,2,C,1
202,3,C,1
202,4,C,0.75
202,5,C,1
203,1,SF,0
203,2,SF,0
203,3,SF,NA
203,4,SF,NA
203,5,SF,0
204,1,OE,0
204,2,OE,0
204,3,OE,0
204,4,OE,0
204,5,OE,0
205,1,SF,0
205,2,SF,NA
205,3,SF,0
205,4,SF,NA
205,5,SF,0.25
206,1,C,1
206,2,C,0.5
206,3,C,0.75
206,4,C,NA
206,5,C,0.75
207,1,OE,0
207,2,OE,0
207,3,OE,0
207,4,OE,0
207,5,OE,0
208,1,S,0
208,2,S,NA
208,3,S,NA
208,4,S,NA
208,5,S,NA
209,1,OE,0
209,2,OE,0.25
209,3,OE,0
209,4,OE,0
209,5,OE,0
210,1,OE,0
210,2,OE,0
210,3,OE,0
210,4,OE,0
210,5,OE,NA
211,1,C,0.25
211,2,C,NA
211,3,C,0.75
211,4,C,NA
211,5,C,NA
212,1,S,0
212,2,S,NA
212,3,S,0.25
212,4,S,0.75
212,5,S,0.25
213,1,V,1
213,2,V,NA
213,3,V,NA
213,4,V,NA
213,5,V,NA
214,1,V,0.75
214,2,V,0.75
214,3,V,1
214,4,V,1
214,5,V,NA
215,1,S,0
215,2,S,0
215,3,S,1
215,4,S,0.5
215,5,S,1
216,1,V,0.75
216,2,V,NA
216,3,V,0.75
216,4,V,NA
216,5,V,0.75
217,1,NA,0.5
217,2,NA,0
217,3,NA,0.25
217,4,NA,0
217,5,NA,0.75
218,1,DF,0.5
218,2,DF,0.5
218,3,DF,0.25
218,4,DF,NA
218,5,DF,0.5
219,1,DF,0
219,2,DF,0
219,3,DF,0.75
219,4,DF,0.5
219,5,DF,NA
220,1,NA,1
220,2,NA,1
220,3,NA,1
220,4,NA,NA
220,5,NA,1
221,1,V,1
221,2,V,0.75
221,3,V,1
221,4,V,1
221,5,V,NA
222,1,SF,0.25
222,2,SF,1
222,3,SF,1
222,4,SF,0.75
222,5,SF,NA
223,1,V,0.75
223,2,V,NA
223,3,V,0.5
223,4,V,NA
223,5,V,NA
224,1,SF,1
224,2,SF,NA
224,3,SF,NA
224,4,SF,NA
224,5,SF,NA
225,1,SF,0.25
225,2,SF,0
225,3,SF,0
225,4,SF,NA
225,5,SF,0.25
226,1,SF,0
226,2,SF,NA
226,3,SF,NA
226,4,SF,NA
226,5,SF,NA
227,1,SF,0.75
227,2,SF,NA
227,3,SF,NA
227,4,SF,NA
227,5,SF,NA
228,1,V,0.25
228,2,V,0.25
228,3,V,1
228,4,V,1
228,5,V,1
229,1,SF,0
229,2,SF,0
229,3,SF,0
229,4,SF,0
229,5,SF,NA
230,1,S,0
230,2,S,NA
230,3,S,NA
230,4,S,NA
230,5,S,NA
231,1,C,NA
231,2,C,NA
231,3,C,NA
231,4,C,NA
231,5,C,NA
232,1,V,0
232,2,V,NA
232,3,V,NA
232,4,V,NA
232,5,V,NA
233,1,V,0.25
233,2,V,0.25
233,3,V,0.25
233,4,V,0.25
233,5,V,NA
234,1,RV,0.5
234,2,RV,0.5
234,3,RV,1
234,4,RV,1
234,5,RV,0.75
235,1,SF,0.5
235,2,SF,NA
235,3,SF,NA
235,4,SF,NA
235,5,SF,NA
236,1,V,0.5
236,2,V,0.5
236,3,V,0.75
236,4,V,0.25
236,5,V,0.25
237,1,S,0
237,2,S,0
237,3,S,0
237,4,S,0
237,5,S,0
238,1,C,0
238,2,C,0
238,3,C,NA
238,4,C,0.5
238,5,C,0.75
239,1,DF,0
239,2,DF,0.25
239,3,DF,0
239,4,DF,0.25
239,5,DF,0
240,1,NA,1
240,2,NA,NA
240,3,NA,NA
240,4,NA,NA
240,5,NA,NA
241,1,V,0
241,2,V,NA
241,3,V,NA
241,4,V,NA
241,5,V,NA
242,1,V,0.25
242,2,V,NA
242,3,V,NA
242,4,V,NA
242,5,V,NA
243,1,S,0.25
243,2,S,NA
243,3,S,NA
243,4,S,0
243,5,S,NA
244,1,S,0.25
244,2,S,NA
244,3,S,NA
244,4,S,NA
244,5,S,NA
245,1,SF,0
245,2,SF,0
245,3,SF,0
245,4,SF,0.25
245,5,SF,0
246,1,S,0.75
246,2,S,NA
246,3,S,NA
246,4,S,NA
246,5,S,NA
247,1,SF,0
247,2,SF,0.25
247,3,SF,0
247,4,SF,0
247,5,SF,0
248,1,NA,0.75
248,2,NA,0.25
248,3,NA,0.5
248,4,NA,0.5
248,5,NA,0.25
249,1,SF,0.5
249,2,SF,0.25
249,3,SF,0.5
249,4,SF,0
249,5,SF,0
250,1,V,0.25
250,2,V,0.5
250,3,V,0.75
250,4,V,0.5
250,5,V,0.5
251,1,DF,0
251,2,DF,0
251,3,DF,0
251,4,DF,0
251,5,DF,0.5
252,1,V,0.25
252,2,V,0.25
252,3,V,1
252,4,V,0.75
252,5,V,0.75
253,1,NA,0.75
253,2,NA,0.75
253,3,NA,NA
253,4,NA,1
253,5,NA,1
254,1,NA,0
254,2,NA,0
254,3,NA,0.75
254,4,NA,NA
254,5,NA,0.75
255,1,OE,0
255,2,OE,NA
255,3,OE,NA
255,4,OE,NA
255,5,OE,NA
256,1,C,0
256,2,C,NA
256,3,C,NA
256,4,C,NA
256,5,C,NA
257,1,Kr,0.25
257,2,Kr,0.25
257,3,Kr,1
257,4,Kr,0.25
257,5,Kr,0.75
258,1,DF,0.25
258,2,DF,NA
258,3,DF,NA
258,4,DF,NA
258,5,DF,NA
259,1,RV,0.75
259,2,RV,NA
259,3,RV,NA
259,4,RV,0.75
259,5,RV,0.75
260,1,DF,1
260,2,DF,NA
260,3,DF,NA
260,4,DF,NA
260,5,DF,NA
261,1,S,0.5
261,2,S,NA
261,3,S,0.25
261,4,S,NA
261,5,S,0.5
262,1,OE,0
262,2,OE,0
262,3,OE,0
262,4,OE,0
262,5,OE,0
263,1,Kr,0.25
263,2,Kr,NA
263,3,Kr,NA
263,4,Kr,NA
263,5,Kr,NA
264,1,S,0.5
264,2,S,0.75
264,3,S,0.5
264,4,S,0.75
264,5,S,0.25
265,1,NA,0
265,2,NA,NA
265,3,NA,NA
265,4,NA,NA
265,5,NA,NA
266,1,S,0.5
266,2,S,0
266,3,S,0.25
266,4,S,0
266,5,S,0
267,1,S,0
267,2,S,NA
267,3,S,NA
267,4,S,NA
267,5,S,NA
268,1,C,1
268,2,C,NA
268,3,C,NA
268,4,C,NA
268,5,C,NA
269,1,SF,0
269,2,SF,NA
269,3,SF,NA
269,4,SF,NA
269,5,SF,NA
270,1,V,1
270,2,V,1
270,3,V,1
270,4,V,1
270,5,V,1
271,1,V,0.25
271,2,V,0.25
271,3,V,0
271,4,V,0
271,5,V,0.25
272,1,SF,0.5
272,2,SF,NA
272,3,SF,NA
272,4,SF,NA
272,5,SF,NA
273,1,NA,0
273,2,NA,NA
273,3,NA,NA
273,4,NA,NA
273,5,NA,NA
274,1,DF,0.5
274,2,DF,0.75
274,3,DF,1
274,4,DF,0.75
274,5,DF,0.75
275,1,NA,NA
275,2,NA,NA
275,3,NA,0.5
275,4,NA,0.25
275,5,NA,NA
276,1,S,NA
276,2,S,NA
276,3,S,NA
276,4,S,NA
276,5,S,NA
277,1,V,0
277,2,V,NA
277,3,V,NA
277,4,V,NA
277,5,V,NA
278,1,V,0.75
278,2,V,NA
278,3,V,NA
278,4,V,NA
278,5,V,NA
279,1,SF,0
279,2,SF,0
279,3,SF,0
279,4,SF,0.25
279,5,SF,0
280,1,V,1
280,2,V,NA
280,3,V,NA
280,4,V,NA
280,5,V,NA
281,1,DF,NA
281,2,DF,NA
281,3,DF,NA
281,4,DF,0.5
281,5,DF,0.75
282,1,V,0.5
282,2,V,NA
282,3,V,NA
282,4,V,NA
282,5,V,NA
283,1,SF,0.25
283,2,SF,0
283,3,SF,0.75
283,4,SF,1
283,5,SF,0.25
284,1,NA,NA
284,2,NA,NA
284,3,NA,NA
284,4,NA,NA
284,5,NA,NA
285,1,S,0
285,2,S,0
285,3,S,0
285,4,S,0
285,5,S,0
286,1,V,0.5
286,2,V,1
286,3,V,0.75
286,4,V,1
286,5,V,NA
287,1,SF,0.75
287,2,SF,0.5
287,3,SF,NA
287,4,SF,0.5
287,5,SF,0
288,1,S,0.25
288,2,S,0.25
288,3,S,0.25
288,4,S,0.25
288,5,S,0.25
289,1,SF,0.25
289,2,SF,NA
289,3,SF,0
289,4,SF,NA
289,5,SF,NA
290,1,S,0
290,2,S,NA
290,3,S,NA
290,4,S,NA
290,5,S,NA
291,1,S,0
291,2,S,0
291,3,S,0
291,4,S,0
291,5,S,0
292,1,S,0.75
292,2,S,NA
292,3,S,NA
292,4,S,NA
292,5,S,NA
293,1,LA,1
293,2,LA,1
293,3,LA,1
293,4,LA,1
293,5,LA,1
294,1,DF,0.75
294,2,DF,NA
294,3,DF,NA
294,4,DF,NA
294,5,DF,NA
295,1,SF,0.25
295,2,SF,NA
295,3,SF,NA
295,4,SF,NA
295,5,SF,NA
296,1,SF,0.75
296,2,SF,1
296,3,SF,1
296,4,SF,1
296,5,SF,0.75
297,1,C,0.5
297,2,C,1
297,3,C,0.5
297,4,C,1
297,5,C,NA
298,1,NA,0.25
298,2,NA,NA
298,3,NA,NA
298,4,NA,NA
298,5,NA,NA
299,1,S,0.5
299,2,S,NA
299,3,S,NA
299,4,S,NA
299,5,S,NA
300,1,DF,0
300,2,DF,0.25
300,3,DF,0.25
300,4,DF,0.5
300,5,DF,0
301,1,SF,NA
301,2,SF,NA
301,3,SF,NA
301,4,SF,NA
301,5,SF,NA
302,1,S,1
302,2,S,NA
302,3,S,NA
302,4,S,1
302,5,S,1
303,1,S,0.75
303,2,S,1
303,3,S,0.5
303,4,S,NA
303,5,S,NA
304,1,SF,0
304,2,SF,0
304,3,SF,0
304,4,SF,0
304,5,SF,0
305,1,V,0
305,2,V,0
305,3,V,0.25
305,4,V,0
305,5,V,NA
306,1,S,0.75
306,2,S,0.75
306,3,S,0.75
306,4,S,NA
306,5,S,0.5
307,1,SF,0
307,2,SF,0
307,3,SF,0
307,4,SF,0
307,5,SF,0
308,1,S,0
308,2,S,0
308,3,S,0
308,4,S,0
308,5,S,0
309,1,V,0.75
309,2,V,0.75
309,3,V,0.5
309,4,V,0.75
309,5,V,0.75
310,1,S,0.25
310,2,S,0
310,3,S,0
310,4,S,0.25
310,5,S,0
311,1,C,1
311,2,C,1
311,3,C,1
311,4,C,1
311,5,C,1
312,1,SF,0.75
312,2,SF,0.75
312,3,SF,NA
312,4,SF,NA
312,5,SF,NA
313,1,SF,0
313,2,SF,0
313,3,SF,0
313,4,SF,NA
313,5,SF,0
314,1,S,0
314,2,S,0
314,3,S,0
314,4,S,0
314,5,S,0
315,1,NA,1
315,2,NA,0.75
315,3,NA,1
315,4,NA,1
315,5,NA,1
316,1,DF,1
316,2,DF,1
316,3,DF,1
316,4,DF,1
316,5,DF,1
317,1,S,0
317,2,S,NA
317,3,S,0
317,4,S,0.25
317,5,S,0
318,1,OE,0
318,2,OE,0
318,3,OE,0
318,4,OE,0
318,5,OE,0
319,1,S,0.5
319,2,S,NA
319,3,S,NA
319,4,S,NA
319,5,S,NA
320,1,S,0.5
320,2,S,1
320,3,S,0.75
320,4,S,1
320,5,S,0.75
321,1,NA,0.75
321,2,NA,NA
321,3,NA,NA
321,4,NA,NA
321,5,NA,NA
322,1,C,0.75
322,2,C,NA
322,3,C,NA
322,4,C,NA
322,5,C,NA
323,1,V,0.25
323,2,V,0.25
323,3,V,0.5
323,4,V,0.25
323,5,V,0.5
324,1,NA,0
324,2,NA,0
324,3,NA,0
324,4,NA,0
324,5,NA,NA
325,1,RV,0
325,2,RV,0
325,3,RV,0
325,4,RV,0
325,5,RV,0.25
326,1,NA,0
326,2,NA,0
326,3,NA,0.25
326,4,NA,0.5
326,5,NA,0
327,1,V,0.75
327,2,V,1
327,3,V,0.75
327,4,V,1
327,5,V,1
328,1,SF,0
328,2,SF,NA
328,3,SF,NA
328,4,SF,NA
328,5,SF,NA
329,1,NA,0
329,2,NA,0
329,3,NA,0
329,4,NA,0
329,5,NA,0
330,1,SF,0.75
330,2,SF,0.5
330,3,SF,NA
330,4,SF,NA
330,5,SF,NA
331,1,NA,0.5
331,2,NA,0.75
331,3,NA,NA
331,4,NA,0.75
331,5,NA,NA
332,1,V,1
332,2,V,1
332,3,V,1
332,4,V,1
332,5,V,1
333,1,V,0.75
333,2,V,0.75
333,3,V,NA
333,4,V,NA
333,5,V,NA
334,1,V,1
334,2,V,NA
334,3,V,NA
334,4,V,NA
334,5,V,NA
335,1,V,0.75
335,2,V,0.75
335,3,V,0.75
335,4,V,0.75
335,5,V,0.75
336,1,NA,0.5
336,2,NA,NA
336,3,NA,NA
336,4,NA,NA
336,5,NA,NA
337,1,V,1
337,2,V,1
337,3,V,1
337,4,V,NA
337,5,V,NA
338,1,V,0.5
338,2,V,NA
338,3,V,NA
338,4,V,NA
338,5,V,NA
339,1,SF,0
339,2,SF,0
339,3,SF,0
339,4,SF,0
339,5,SF,0
340,1,V,1
340,2,V,NA
340,3,V,NA
340,4,V,NA
340,5,V,NA
341,1,RV,0.25
341,2,RV,NA
341,3,RV,NA
341,4,RV,NA
341,5,RV,NA
342,1,NA,1
342,2,NA,NA
342,3,NA,NA
342,4,NA,NA
342,5,NA,NA
343,1,V,0
343,2,V,NA
343,3,V,NA
343,4,V,NA
343,5,V,NA
344,1,DF,0.75
344,2,DF,1
344,3,DF,1
344,4,DF,1
344,5,DF,1
345,1,RV,0
345,2,RV,NA
345,3,RV,NA
345,4,RV,NA
345,5,RV,NA
346,1,SF,0
346,2,SF,0.5
346,3,SF,0
346,4,SF,0
346,5,SF,0
347,1,C,0.25
347,2,C,0.75
347,3,C,NA
347,4,C,NA
347,5,C,0.75
348,1,RV,0.25
348,2,RV,0.75
348,3,RV,0
348,4,RV,0
348,5,RV,0
349,1,NA,0.75
349,2,NA,NA
349,3,NA,NA
349,4,NA,NA
349,5,NA,NA
350,1,C,0.25
350,2,C,0.25
350,3,C,NA
350,4,C,0.75
350,5,C,0.5
351,1,V,0
351,2,V,0
351,3,V,0
351,4,V,0
351,5,V,0.25
352,1,RV,0.5
352,2,RV,NA
352,3,RV,NA
352,4,RV,NA
352,5,RV,NA
353,1,SF,NA
353,2,SF,NA
353,3,SF,NA
353,4,SF,NA
353,5,SF,NA
354,1,V,0
354,2,V,0
354,3,V,0
354,4,V,0.75
354,5,V,0.25
355,1,DF,0
355,2,DF,0
355,3,DF,1
355,4,DF,1
355,5,DF,1
356,1,NA,0.25
356,2,NA,0.5
356,3,NA,NA
356,4,NA,0.25
356,5,NA,0.75
357,1,NA,0.75
357,2,NA,0.5
357,3,NA,NA
357,4,NA,NA
357,5,NA,0.5
358,1,S,0
358,2,S,0
358,3,S,0
358,4,S,0
358,5,S,0
359,1,RV,0
359,2,RV,NA
359,3,RV,NA
359,4,RV,NA
359,5,RV,NA
360,1,SF,0.25
360,2,SF,NA
360,3,SF,NA
360,4,SF,1
360,5,SF,NA
361,1,SF,NA
361,2,SF,NA
361,3,SF,NA
361,4,SF,0
361,5,SF,NA
362,1,C,1
362,2,C,NA
362,3,C,NA
362,4,C,NA
362,5,C,NA
363,1,S,0
363,2,S,0
363,3,S,0
363,4,S,0
363,5,S,0
364,1,SF,0
364,2,SF,0.25
364,3,SF,0
364,4,SF,0
364,5,SF,0
365,1,S,0.25
365,2,S,0.25
365,3,S,0.25
365,4,S,NA
365,5,S,NA
366,1,S,0
366,2,S,0
366,3,S,0
366,4,S,0
366,5,S,0
367,1,V,0.75
367,2,V,NA
367,3,V,NA
367,4,V,NA
367,5,V,NA
368,1,SF,0
368,2,SF,0.25
368,3,SF,0.25
368,4,SF,NA
368,5,SF,0
369,1,S,0.5
369,2,S,NA
369,3,S,NA
369,4,S,NA
369,5,S,NA
370,1,C,0.25
370,2,C,0.5
370,3,C,0.75
370,4,C,0.75
370,5,C,1
371,1,V,1
371,2,V,0.75
371,3,V,1
371,4,V,1
371,5,V,NA
372,1,V,0
372,2,V,NA
372,3,V,NA
372,4,V,NA
372,5,V,NA
373,1,S,0
373,2,S,0.25
373,3,S,0.25
373,4,S,NA
373,5,S,NA
374,1,NA,0
374,2,NA,0
374,3,NA,0
374,4,NA,0
374,5,NA,0
375,1,C,0.75
375,2,C,0.25
375,3,C,NA
375,4,C,1
375,5,C,1
376,1,SF,0
376,2,SF,0
376,3,SF,0
376,4,SF,0
376,5,SF,0
377,1,OE,0
377,2,OE,0
377,3,OE,0
377,4,OE,0
377,5,OE,0
378,1,V,0.5
378,2,V,NA
378,3,V,NA
378,4,V,NA
378,5,V,NA
379,1,NA,0.25
379,2,NA,0.25
379,3,NA,0.25
379,4,NA,0.25
379,5,NA,0.25
380,1,V,0.75
380,2,V,NA
380,3,V,NA
380,4,V,NA
380,5,V,NA
381,1,OE,0.25
381,2,OE,0.25
381,3,OE,0.25
381,4,OE,0.25
381,5,OE,0.5
382,1,C,0
382,2,C,0.25
382,3,C,0
382,4,C,0.25
382,5,C,NA
383,1,S,0.75
383,2,S,NA
383,3,S,NA
383,4,S,NA
383,5,S,NA
384,1,S,0
384,2,S,0
384,3,S,0
384,4,S,0
384,5,S,0
385,1,NA,NA
385,2,NA,NA
385,3,NA,NA
385,4,NA,NA
385,5,NA,NA
386,1,RV,NA
386,2,RV,NA
386,3,RV,NA
386,4,RV,NA
386,5,RV,NA
387,1,NA,0
387,2,NA,NA
387,3,NA,NA
387,4,NA,NA
387,5,NA,NA
388,1,S,0.75
388,2,S,NA
388,3,S,NA
388,4,S,1
388,5,S,1
389,1,NA,0
389,2,NA,0
389,3,NA,0
389,4,NA,0.25
389,5,NA,0
390,1,SF,0.5
390,2,SF,NA
390,3,SF,NA
390,4,SF,NA
390,5,SF,NA
391,1,S,0
391,2,S,0.75
391,3,S,0
391,4,S,0.75
391,5,S,NA
392,1,V,0.75
392,2,V,0.5
392,3,V,1
392,4,V,0.75
392,5,V,1
393,1,OE,0
393,2,OE,0
393,3,OE,0.25
393,4,OE,0.25
393,5,OE,0.25
394,1,OE,0
394,2,OE,0
394,3,OE,0
394,4,OE,0
394,5,OE,0
395,1,NA,0
395,2,NA,0
395,3,NA,0.25
395,4,NA,0.5
395,5,NA,0.25
396,1,SF,0
396,2,SF,NA
396,3,SF,NA
396,4,SF,NA
396,5,SF,NA
397,1,V,0.75
397,2,V,0.75
397,3,V,1
397,4,V,1
397,5,V,1
398,1,V,0.25
398,2,V,0
398,3,V,1
398,4,V,1
398,5,V,NA
399,1,S,0.25
399,2,S,0.25
399,3,S,0.25
399,4,S,1
399,5,S,0
400,1,V,1
400,2,V,NA
400,3,V,NA
400,4,V,NA
400,5,V,NA
401,1,SF,0
401,2,SF,0
401,3,SF,NA
401,4,SF,0
401,5,SF,NA
402,1,V,1
402,2,V,1
402,3,V,1
402,4,V,NA
402,5,V,1
403,1,NA,0.75
403,2,NA,1
403,3,NA,1
403,4,NA,0.75
403,5,NA,0.75
404,1,V,0.25
404,2,V,0
404,3,V,0
404,4,V,0
404,5,V,NA
405,1,C,0.75
405,2,C,1
405,3,C,1
405,4,C,0.75
405,5,C,NA
406,1,V,0
406,2,V,0
406,3,V,0
406,4,V,1
406,5,V,0
407,1,RV,0.25
407,2,RV,0.25
407,3,RV,0.25
407,4,RV,0.5
407,5,RV,0.5
408,1,V,1
408,2,V,NA
408,3,V,NA
408,4,V,NA
408,5,V,NA
409,1,SF,1
409,2,SF,1
409,3,SF,NA
409,4,SF,1
409,5,SF,1
410,1,DF,1
410,2,DF,NA
410,3,DF,NA
410,4,DF,NA
410,5,DF,NA
411,1,S,0
411,2,S,NA
411,3,S,NA
411,4,S,0
411,5,S,NA
412,1,SF,0
412,2,SF,0
412,3,SF,0
412,4,SF,0.5
412,5,SF,0.25
413,1,S,0
413,2,S,0
413,3,S,0
413,4,S,0
413,5,S,0
414,1,S,0
414,2,S,0
414,3,S,0
414,4,S,0
414,5,S,NA
415,1,V,0.75
415,2,V,0.75
415,3,V,1
415,4,V,0.75
415,5,V,0.75
416,1,DF,0.75
416,2,DF,1
416,3,DF,1
416,4,DF,0.75
416,5,DF,1
417,1,V,0.5
417,2,V,NA
417,3,V,1
417,4,V,NA
417,5,V,NA
418,1,S,0.25
418,2,S,0.25
418,3,S,NA
418,4,S,NA
418,5,S,NA
419,1,NA,0.75
419,2,NA,0.75
419,3,NA,NA
419,4,NA,NA
419,5,NA,NA
420,1,V,1
420,2,V,NA
420,3,V,NA
420,4,V,NA
420,5,V,NA
421,1,S,0.75
421,2,S,0.75
421,3,S,0.75
421,4,S,NA
421,5,S,NA
422,1,SF,0
422,2,SF,0
422,3,SF,0
422,4,SF,NA
422,5,SF,NA
423,1,S,0
423,2,S,NA
423,3,S,NA
423,4,S,NA
423,5,S,NA
424,1,NA,0.5
424,2,NA,NA
424,3,NA,NA
424,4,NA,NA
424,5,NA,NA
425,1,SF,0
425,2,SF,0
425,3,SF,0
425,4,SF,0
425,5,SF,0
426,1,S,0
426,2,S,NA
426,3,S,NA
426,4,S,NA
426,5,S,NA
427,1,SF,0.5
427,2,SF,NA
427,3,SF,NA
427,4,SF,NA
427,5,SF,NA
428,1,V,0.5
428,2,V,0.75
428,3,V,0.75
428,4,V,0.75
428,5,V,1
429,1,NA,0.25
429,2,NA,0.25
429,3,NA,0.25
429,4,NA,0.75
429,5,NA,0
430,1,S,NA
430,2,S,NA
430,3,S,NA
430,4,S,NA
430,5,S,NA
431,1,SF,0.5
431,2,SF,0.5
431,3,SF,0.25
431,4,SF,0.25
431,5,SF,0
432,1,V,1
432,2,V,1
432,3,V,1
432,4,V,1
432,5,V,1
433,1,SF,0.5
433,2,SF,0.5
433,3,SF,0.5
433,4,SF,0.5
433,5,SF,0.75
434,1,V,0
434,2,V,0
434,3,V,0
434,4,V,0
434,5,V,NA
435,1,S,0.5
435,2,S,0.5
435,3,S,0.25
435,4,S,0.25
435,5,S,0.25
436,1,S,1
436,2,S,1
436,3,S,0.5
436,4,S,0.5
436,5,S,0.5
437,1,OE,0
437,2,OE,NA
437,3,OE,NA
437,4,OE,NA
437,5,OE,NA
438,1,SF,0
438,2,SF,0
438,3,SF,0
438,4,SF,0
438,5,SF,0.25
439,1,SF,0.5
439,2,SF,0.5
439,3,SF,0.5
439,4,SF,0
439,5,SF,NA
440,1,NA,0
440,2,NA,NA
440,3,NA,NA
440,4,NA,0.25
440,5,NA,NA
441,1,RV,1
441,2,RV,1
441,3,RV,1
441,4,RV,1
441,5,RV,1
442,1,SF,0
442,2,SF,NA
442,3,SF,NA
442,4,SF,NA
442,5,SF,0.5
443,1,SF,0.5
443,2,SF,0.25
443,3,SF,0.25
443,4,SF,0.5
443,5,SF,0.25
444,1,C,1
444,2,C,0.5
444,3,C,1
444,4,C,1
444,5,C,0.75
445,1,C,0.75
445,2,C,NA
445,3,C,NA
445,4,C,NA
445,5,C,NA
446,1,NA,1
446,2,NA,1
446,3,NA,1
446,4,NA,1
446,5,NA,1
447,1,S,0.25
447,2,S,0
447,3,S,0
447,4,S,0.75
447,5,S,0.25
448,1,V,0.75
448,2,V,0.25
448,3,V,0.75
448,4,V,0.75
448,5,V,NA
449,1,RV,0.75
449,2,RV,0.75
449,3,RV,1
449,4,RV,NA
449,5,RV,1
450,1,S,0.5
450,2,S,0.5
450,3,S,0.75
450,4,S,NA
450,5,S,NA
451,1,V,0
451,2,V,NA
451,3,V,NA
451,4,V,NA
451,5,V,NA
452,1,SF,0
452,2,SF,0.25
452,3,SF,NA
452,4,SF,0.75
452,5,SF,NA
453,1,DF,0.25
453,2,DF,0.25
453,3,DF,1
453,4,DF,1
453,5,DF,1
454,1,NA,0.75
454,2,NA,0.75
454,3,NA,0.75
454,4,NA,NA
454,5,NA,0.75
455,1,DF,0
455,2,DF,0
455,3,DF,0.25
455,4,DF,NA
455,5,DF,0.75
456,1,RV,0.75
456,2,RV,0.75
456,3,RV,0.75
456,4,RV,0.75
456,5,RV,0.75
457,1,SF,0
457,2,SF,NA
457,3,SF,NA
457,4,SF,NA
457,5,SF,NA
458,1,SF,0.25
458,2,SF,NA
458,3,SF,NA
458,4,SF,NA
458,5,SF,NA
459,1,RV,1
459,2,RV,0.75
459,3,RV,0.75
459,4,RV,0.5
459,5,RV,0.75
460,1,S,0.75
460,2,S,1
460,3,S,0.75
460,4,S,0.75
460,5,S,NA
461,1,V,0.25
461,2,V,0.5
461,3,V,0.5
461,4,V,0.5
461,5,V,0.75
462,1,S,0
462,2,S,0.25
462,3,S,0.5
462,4,S,0
462,5,S,0.25
463,1,SF,0.25
463,2,SF,0.25
463,3,SF,0.25
463,4,SF,NA
463,5,SF,0.75
464,1,S,NA
464,2,S,0.5
464,3,S,NA
464,4,S,0
464,5,S,0.25
465,1,DF,0
465,2,DF,0
465,3,DF,NA
465,4,DF,0
465,5,DF,NA
466,1,V,0.75
466,2,V,0.75
466,3,V,1
466,4,V,1
466,5,V,NA
467,1,OE,0.75
467,2,OE,0
467,3,OE,0
467,4,OE,0
467,5,OE,0
468,1,DF,1
468,2,DF,1
468,3,DF,1
468,4,DF,1
468,5,DF,1
469,1,SF,0.75
469,2,SF,NA
469,3,SF,NA
469,4,SF,NA
469,5,SF,NA
470,1,SF,0
470,2,SF,0.25
470,3,SF,0.25
470,4,SF,0.25
470,5,SF,0.5
471,1,S,0
471,2,S,0
471,3,S,0
471,4,S,0
471,5,S,0
472,1,NA,0.75
472,2,NA,NA
472,3,NA,NA
472,4,NA,NA
472,5,NA,NA
473,1,V,0.75
473,2,V,0.25
473,3,V,1
473,4,V,0.75
473,5,V,0.75
474,1,V,0.75
474,2,V,0.75
474,3,V,1
474,4,V,1
474,5,V,1
475,1,SF,0
475,2,SF,0
475,3,SF,0
475,4,SF,0
475,5,SF,0
476,1,S,0
476,2,S,NA
476,3,S,NA
476,4,S,NA
476,5,S,NA
477,1,S,0
477,2,S,0
477,3,S,NA
477,4,S,NA
477,5,S,NA
478,1,V,0.75
478,2,V,0.75
478,3,V,0.75
478,4,V,1
478,5,V,1
479,1,V,0.25
479,2,V,NA
479,3,V,NA
479,4,V,NA
479,5,V,NA
480,1,V,0.5
480,2,V,0.75
480,3,V,0
480,4,V,0.75
480,5,V,0.25
481,1,S,0.25
481,2,S,NA
481,3,S,NA
481,4,S,NA
481,5,S,NA
482,1,SF,0.75
482,2,SF,NA
482,3,SF,NA
482,4,SF,NA
482,5,SF,NA
483,1,SF,0
483,2,SF,0
483,3,SF,0
483,4,SF,0
483,5,SF,0
484,1,V,0
484,2,V,NA
484,3,V,NA
484,4,V,NA
484,5,V,1
485,1,V,0.5
485,2,V,0.5
485,3,V,1
485,4,V,1
485,5,V,0.5
486,1,S,0
486,2,S,0
486,3,S,NA
486,4,S,0.25
486,5,S,NA
487,1,S,0
487,2,S,NA
487,3,S,NA
487,4,S,NA
487,5,S,NA
488,1,OE,0.25
488,2,OE,0.25
488,3,OE,0.25
488,4,OE,0
488,5,OE,0.25
489,1,S,0.5
489,2,S,NA
489,3,S,NA
489,4,S,0.25
489,5,S,0.5
490,1,S,0
490,2,S,0
490,3,S,0
490,4,S,0.75
490,5,S,0
491,1,SF,0.5
491,2,SF,0
491,3,SF,0.25
491,4,SF,0
491,5,SF,0
492,1,V,0.75
492,2,V,0.5
492,3,V,1
492,4,V,0.75
492,5,V,0.75
493,1,SF,1
493,2,SF,1
493,3,SF,1
493,4,SF,1
493,5,SF,0.75
494,1,S,0
494,2,S,0
494,3,S,0
494,4,S,NA
494,5,S,NA
495,1,C,0.75
495,2,C,NA
495,3,C,NA
495,4,C,NA
495,5,C,NA
496,1,SF,0.25
496,2,SF,NA
496,3,SF,0.75
496,4,SF,0.75
496,5,SF,0.75
497,1,S,0
497,2,S,NA
497,3,S,NA
497,4,S,0
497,5,S,NA
498,1,V,0.75
498,2,V,NA
498,3,V,0.75
498,4,V,1
498,5,V,NA
499,1,C,1
499,2,C,0.75
499,3,C,1
499,4,C,1
499,5,C,1
500,1,S,0.75
500,2,S,0.5
500,3,S,0.5
500,4,S,NA
500,5,S,NA
501,1,V,1
501,2,V,NA
501,3,V,NA
501,4,V,0.75
501,5,V,NA
502,1,NA,0
502,2,NA,NA
502,3,NA,NA
502,4,NA,NA
502,5,NA,NA
503,1,RV,1
503,2,RV,1
503,3,RV,1
503,4,RV,1
503,5,RV,0.75
504,1,NA,0.75
504,2,NA,0.75
504,3,NA,1
504,4,NA,0.75
504,5,NA,1
505,1,C,0.75
505,2,C,0.5
505,3,C,0.5
505,4,C,0
505,5,C,0.5
506,1,S,0
506,2,S,NA
506,3,S,0
506,4,S,NA
506,5,S,NA
507,1,SF,0
507,2,SF,0.25
507,3,SF,0.25
507,4,SF,0
507,5,SF,0.25
508,1,SF,0
508,2,SF,NA
508,3,SF,NA
508,4,SF,NA
508,5,SF,NA
509,1,V,1
509,2,V,1
509,3,V,1
509,4,V,1
509,5,V,1
510,1,NA,0.75
510,2,NA,0.25
510,3,NA,0.75
510,4,NA,0.75
510,5,NA,0.5
511,1,V,0.5
511,2,V,NA
511,3,V,NA
511,4,V,0.75
511,5,V,NA
512,1,S,0.75
512,2,S,0.75
512,3,S,NA
512,4,S,0.75
512,5,S,0.5
513,1,OE,0
513,2,OE,NA
513,3,OE,NA
513,4,OE,NA
513,5,OE,NA
514,1,C,0.75
514,2,C,0.25
514,3,C,0.5
514,4,C,1
514,5,C,NA
515,1,DF,0.75
515,2,DF,0.75
515,3,DF,1
515,4,DF,1
515,5,DF,0.75
516,1,V,0
516,2,V,NA
516,3,V,NA
516,4,V,NA
516,5,V,NA
517,1,OE,0.25
517,2,OE,0
517,3,OE,0.25
517,4,OE,0.25
517,5,OE,0
518,1,V,0
518,2,V,0.5
518,3,V,0.75
518,4,V,0.75
518,5,V,NA
519,1,C,0.5
519,2,C,NA
519,3,C,NA
519,4,C,NA
519,5,C,NA
520,1,NA,0.5
520,2,NA,0.5
520,3,NA,1
520,4,NA,1
520,5,NA,NA
521,1,S,0
521,2,S,NA
521,3,S,NA
521,4,S,NA
521,5,S,NA
522,1,SF,0.5
522,2,SF,NA
522,3,SF,NA
522,4,SF,NA
522,5,SF,NA
523,1,V,1
523,2,V,NA
523,3,V,1
523,4,V,1
523,5,V,1
524,1,OE,0
524,2,OE,NA
524,3,OE,NA
524,4,OE,0
524,5,OE,0
525,1,C,1
525,2,C,NA
525,3,C,1
525,4,C,1
525,5,C,NA
526,1,S,0
526,2,S,NA
526,3,S,NA
526,4,S,NA
526,5,S,NA
527,1,SF,0
527,2,SF,NA
527,3,SF,NA
527,4,SF,NA
527,5,SF,NA
528,1,V,0.75
528,2,V,1
528,3,V,1
528,4,V,1
528,5,V,1
529,1,V,1
529,2,V,0.75
529,3,V,0
529,4,V,1
529,5,V,1
530,1,NA,0.75
530,2,NA,0.5
530,3,NA,1
530,4,NA,NA
530,5,NA,NA
531,1,C,0.75
531,2,C,NA
531,3,C,1
531,4,C,NA
531,5,C,NA
532,1,SF,0
532,2,SF,0
532,3,SF,0
532,4,SF,1
532,5,SF,0.25
533,1,S,0
533,2,S,0
533,3,S,0
533,4,S,0
533,5,S,0
534,1,SF,0.75
534,2,SF,0.25
534,3,SF,0.25
534,4,SF,NA
534,5,SF,0.75
535,1,SF,1
535,2,SF,NA
535,3,SF,0
535,4,SF,NA
535,5,SF,NA
536,1,C,0.5
536,2,C,0.75
536,3,C,NA
536,4,C,NA
536,5,C,NA
537,1,SF,0.75
537,2,SF,0.75
537,3,SF,0.75
537,4,SF,0.75
537,5,SF,1
538,1,DF,0.25
538,2,DF,0.5
538,3,DF,0
538,4,DF,0.25
538,5,DF,0.5
539,1,DF,0
539,2,DF,0.25
539,3,DF,0.25
539,4,DF,0
539,5,DF,0
540,1,S,0
540,2,S,0
540,3,S,0
540,4,S,0.25
540,5,S,NA
541,1,SF,0
541,2,SF,NA
541,3,SF,NA
541,4,SF,NA
541,5,SF,NA
542,1,S,0
542,2,S,0
542,3,S,0
542,4,S,NA
542,5,S,NA
543,1,SF,0
543,2,SF,0
543,3,SF,0
543,4,SF,NA
543,5,SF,NA
544,1,S,0
544,2,S,0
544,3,S,0.75
544,4,S,0.75
544,5,S,0.75
545,1,DF,0.75
545,2,DF,0.75
545,3,DF,1
545,4,DF,1
545,5,DF,0.75
546,1,S,0
546,2,S,0
546,3,S,0
546,4,S,0
546,5,S,0
547,1,SF,0
547,2,SF,NA
547,3,SF,0
547,4,SF,0
547,5,SF,0
548,1,SF,1
548,2,SF,NA
548,3,SF,NA
548,4,SF,NA
548,5,SF,NA
549,1,SF,0.25
549,2,SF,NA
549,3,SF,NA
549,4,SF,NA
549,5,SF,NA
550,1,DF,0.75
550,2,DF,1
550,3,DF,1
550,4,DF,NA
550,5,DF,NA
551,1,SF,0
551,2,SF,0
551,3,SF,0
551,4,SF,0
551,5,SF,0
552,1,SF,0
552,2,SF,0.25
552,3,SF,0.25
552,4,SF,0.75
552,5,SF,NA
553,1,SF,0.25
553,2,SF,0.5
553,3,SF,0
553,4,SF,0.25
553,5,SF,0
554,1,V,NA
554,2,V,0.5
554,3,V,1
554,4,V,0.5
554,5,V,0.75
555,1,SF,0
555,2,SF,0
555,3,SF,0
555,4,SF,NA
555,5,SF,NA
556,1,S,0.5
556,2,S,0
556,3,S,0.75
556,4,S,0.75
556,5,S,NA
557,1,NA,0.25
557,2,NA,0.75
557,3,NA,0.25
557,4,NA,0
557,5,NA,0
558,1,DF,1
558,2,DF,0.75
558,3,DF,0.75
558,4,DF,0.5
558,5,DF,0.75
559,1,NA,0
559,2,NA,0
559,3,NA,0
559,4,NA,NA
559,5,NA,NA
560,1,NA,1
560,2,NA,1
560,3,NA,1
560,4,NA,1
560,5,NA,1
561,1,V,0.25
561,2,V,0
561,3,V,0
561,4,V,0
561,5,V,0
562,1,DF,0.5
562,2,DF,0.5
562,3,DF,0.5
562,4,DF,0.75
562,5,DF,0.25
563,1,C,0
563,2,C,0
563,3,C,0
563,4,C,0
563,5,C,NA
564,1,C,NA
564,2,C,NA
564,3,C,NA
564,4,C,NA
564,5,C,NA
565,1,DF,0.25
565,2,DF,0.25
565,3,DF,1
565,4,DF,0.75
565,5,DF,0.75
566,1,S,0
566,2,S,NA
566,3,S,NA
566,4,S,1
566,5,S,0
567,1,NA,0.25
567,2,NA,0.75
567,3,NA,0.25
567,4,NA,0
567,5,NA,0
568,1,NA,0
568,2,NA,0
568,3,NA,0
568,4,NA,0
568,5,NA,0
569,1,S,0.25
569,2,S,0.75
569,3,S,0.25
569,4,S,0.25
569,5,S,NA
570,1,S,0.25
570,2,S,0.25
570,3,S,0.5
570,4,S,NA
570,5,S,NA
571,1,SF,0
571,2,SF,0
571,3,SF,NA
571,4,SF,0
571,5,SF,0
572,1,SF,0
572,2,SF,0
572,3,SF,NA
572,4,SF,0
572,5,SF,0
573,1,SF,0.25
573,2,SF,0.25
573,3,SF,NA
573,4,SF,0.25
573,5,SF,NA
574,1,SF,0
574,2,SF,0
574,3,SF,0
574,4,SF,0
574,5,SF,NA
575,1,V,1
575,2,V,1
575,3,V,1
575,4,V,1
575,5,V,1
576,1,S,NA
576,2,S,0.75
576,3,S,0.75
576,4,S,0.25
576,5,S,0.25
577,1,V,0.75
577,2,V,0.75
577,3,V,0.75
577,4,V,0.75
577,5,V,0.75
578,1,V,0.75
578,2,V,NA
578,3,V,NA
578,4,V,NA
578,5,V,NA
579,1,RV,0
579,2,RV,NA
579,3,RV,NA
579,4,RV,NA
579,5,RV,NA
580,1,SF,0
580,2,SF,0
580,3,SF,0.75
580,4,SF,0.25
580,5,SF,0
581,1,S,0.25
581,2,S,NA
581,3,S,NA
581,4,S,NA
581,5,S,NA
582,1,DF,1
582,2,DF,NA
582,3,DF,NA
582,4,DF,NA
582,5,DF,NA
583,1,C,1
583,2,C,NA
583,3,C,NA
583,4,C,NA
583,5,C,NA
584,1,SF,0
584,2,SF,0.25
584,3,SF,0.25
584,4,SF,0.25
584,5,SF,0
585,1,V,0.5
585,2,V,0.75
585,3,V,NA
585,4,V,NA
585,5,V,NA
586,1,V,0.5
586,2,V,NA
586,3,V,NA
586,4,V,NA
586,5,V,NA
587,1,V,1
587,2,V,1
587,3,V,1
587,4,V,1
587,5,V,1
588,1,SF,0.75
588,2,SF,0.75
588,3,SF,0.5
588,4,SF,NA
588,5,SF,NA
589,1,DF,0.75
589,2,DF,NA
589,3,DF,NA
589,4,DF,NA
589,5,DF,NA
590,1,S,0.75
590,2,S,NA
590,3,S,NA
590,4,S,NA
590,5,S,1
591,1,S,0
591,2,S,0.25
591,3,S,0
591,4,S,0.25
591,5,S,NA
592,1,SF,0.5
592,2,SF,0.75
592,3,SF,0.25
592,4,SF,0.5
592,5,SF,0.25
593,1,NA,0
593,2,NA,NA
593,3,NA,NA
593,4,NA,NA
593,5,NA,NA
594,1,OE,0
594,2,OE,0
594,3,OE,0
594,4,OE,0
594,5,OE,NA
595,1,NA,0.75
595,2,NA,NA
595,3,NA,NA
595,4,NA,NA
595,5,NA,NA
596,1,SF,0.5
596,2,SF,0.75
596,3,SF,0.25
596,4,SF,0.5
596,5,SF,NA
597,1,V,0
597,2,V,NA
597,3,V,0
597,4,V,NA
597,5,V,0
598,1,V,1
598,2,V,1
598,3,V,0.75
598,4,V,NA
598,5,V,1
599,1,S,0
599,2,S,0
599,3,S,0
599,4,S,0.25
599,5,S,NA
600,1,S,0.25
600,2,S,NA
600,3,S,NA
600,4,S,NA
600,5,S,NA
601,1,SF,0.5
601,2,SF,NA
601,3,SF,NA
601,4,SF,NA
601,5,SF,NA
602,1,SF,0
602,2,SF,0
602,3,SF,0
602,4,SF,0
602,5,SF,0
603,1,SF,0
603,2,SF,NA
603,3,SF,NA
603,4,SF,NA
603,5,SF,NA
604,1,V,0.75
604,2,V,NA
604,3,V,NA
604,4,V,NA
604,5,V,NA
605,1,S,NA
605,2,S,NA
605,3,S,NA
605,4,S,NA
605,5,S,NA
606,1,SF,0.25
606,2,SF,0.5
606,3,SF,0.5
606,4,SF,0.25
606,5,SF,0.25
607,1,DF,0.25
607,2,DF,NA
607,3,DF,NA
607,4,DF,NA
607,5,DF,NA
608,1,SF,0
608,2,SF,0
608,3,SF,0
608,4,SF,0
608,5,SF,0
609,1,V,0
609,2,V,0
609,3,V,0.75
609,4,V,0.5
609,5,V,0.25
610,1,Kr,0
610,2,Kr,0
610,3,Kr,0.25
610,4,Kr,NA
610,5,Kr,NA
611,1,V,1
611,2,V,0.5
611,3,V,0.5
611,4,V,0.75
611,5,V,0.5
612,1,S,0
612,2,S,0
612,3,S,0
612,4,S,1
612,5,S,0
613,1,S,NA
613,2,S,1
613,3,S,0
613,4,S,NA
613,5,S,NA
614,1,S,0
614,2,S,0
614,3,S,NA
614,4,S,0
614,5,S,0
615,1,C,0.5
615,2,C,0.25
615,3,C,0.75
615,4,C,0.25
615,5,C,0.25
616,1,OE,0
616,2,OE,0
616,3,OE,0
616,4,OE,NA
616,5,OE,0
617,1,V,0.25
617,2,V,0.25
617,3,V,0.5
617,4,V,0.5
617,5,V,0.5
618,1,SF,0
618,2,SF,0
618,3,SF,0
618,4,SF,0
618,5,SF,0
619,1,V,0.25
619,2,V,NA
619,3,V,1
619,4,V,1
619,5,V,1
620,1,SF,0
620,2,SF,0
620,3,SF,0
620,4,SF,0.25
620,5,SF,0
621,1,V,0
621,2,V,NA
621,3,V,NA
621,4,V,NA
621,5,V,NA
622,1,V,0.75
622,2,V,1
622,3,V,1
622,4,V,1
622,5,V,1
623,1,S,0.5
623,2,S,0
623,3,S,1
623,4,S,0
623,5,S,0.25
624,1,SF,0.25
624,2,SF,NA
624,3,SF,NA
624,4,SF,NA
624,5,SF,NA
625,1,C,0.75
625,2,C,0.75
625,3,C,1
625,4,C,0.75
625,5,C,1
626,1,V,0.25
626,2,V,0.75
626,3,V,0.5
626,4,V,0.5
626,5,V,0.75
627,1,SF,0
627,2,SF,0
627,3,SF,0
627,4,SF,0
627,5,SF,0
628,1,V,1
628,2,V,1
628,3,V,1
628,4,V,NA
628,5,V,NA
629,1,SF,0
629,2,SF,NA
629,3,SF,NA
629,4,SF,NA
629,5,SF,NA
630,1,RV,0.5
630,2,RV,0.75
630,3,RV,1
630,4,RV,1
630,5,RV,1
631,1,SF,0.5
631,2,SF,NA
631,3,SF,NA
631,4,SF,0.25
631,5,SF,NA
632,1,NA,0
632,2,NA,0.5
632,3,NA,0.75
632,4,NA,NA
632,5,NA,NA
633,1,S,0.25
633,2,S,NA
633,3,S,0.25
633,4,S,0.25
633,5,S,0
634,1,V,0.75
634,2,V,0.75
634,3,V,1
634,4,V,1
634,5,V,0.75
635,1,V,0.75
635,2,V,0.75
635,3,V,NA
635,4,V,0.75
635,5,V,0.75
636,1,SF,0
636,2,SF,NA
636,3,SF,0
636,4,SF,0
636,5,SF,0.75
637,1,NA,0
637,2,NA,0
637,3,NA,0.75
637,4,NA,0.25
637,5,NA,0.25
638,1,NA,0
638,2,NA,0
638,3,NA,0.25
638,4,NA,NA
638,5,NA,0
639,1,C,0.5
639,2,C,0.5
639,3,C,NA
639,4,C,NA
639,5,C,0.75
640,1,C,1
640,2,C,1
640,3,C,1
640,4,C,1
640,5,C,1
641,1,C,1
641,2,C,1
641,3,C,1
641,4,C,1
641,5,C,1
642,1,C,0.75
642,2,C,1
642,3,C,NA
642,4,C,1
642,5,C,1
643,1,NA,1
643,2,NA,0.75
643,3,NA,NA
643,4,NA,0.75
643,5,NA,0.75
644,1,V,0.75
644,2,V,NA
644,3,V,NA
644,4,V,NA
644,5,V,NA
645,1,S,0.75
645,2,S,0.25
645,3,S,0.5
645,4,S,0.25
645,5,S,0.25
646,1,OE,0
646,2,OE,0
646,3,OE,0
646,4,OE,0
646,5,OE,NA
647,1,NA,0.25
647,2,NA,0.25
647,3,NA,0.75
647,4,NA,0.25
647,5,NA,0.25
648,1,OE,0
648,2,OE,0
648,3,OE,0
648,4,OE,0
648,5,OE,0
649,1,OE,0
649,2,OE,0
649,3,OE,0
649,4,OE,0
649,5,OE,0
650,1,V,0.25
650,2,V,NA
650,3,V,NA
650,4,V,NA
650,5,V,NA
651,1,SF,0
651,2,SF,0
651,3,SF,NA
651,4,SF,0
651,5,SF,NA
652,1,DF,0
652,2,DF,0
652,3,DF,0
652,4,DF,0
652,5,DF,NA
653,1,S,1
653,2,S,NA
653,3,S,NA
653,4,S,NA
653,5,S,NA
654,1,NA,0
654,2,NA,0
654,3,NA,NA
654,4,NA,NA
654,5,NA,0
655,1,S,0
655,2,S,0
655,3,S,0
655,4,S,0
655,5,S,0
656,1,C,0.5
656,2,C,0
656,3,C,0.25
656,4,C,0.75
656,5,C,NA
657,1,SF,0.25
657,2,SF,0.25
657,3,SF,0
657,4,SF,0
657,5,SF,0
658,1,S,0.25
658,2,S,NA
658,3,S,NA
658,4,S,NA
658,5,S,NA
659,1,DF,1
659,2,DF,0.75
659,3,DF,1
659,4,DF,1
659,5,DF,0.75
660,1,NA,0
660,2,NA,0
660,3,NA,0
660,4,NA,0
660,5,NA,0
661,1,C,0.75
661,2,C,0.25
661,3,C,0.5
661,4,C,0.75
661,5,C,0.75
662,1,DF,0.75
662,2,DF,NA
662,3,DF,1
662,4,DF,NA
662,5,DF,0.25
663,1,V,1
663,2,V,NA
663,3,V,NA
663,4,V,NA
663,5,V,NA
664,1,S,0
664,2,S,NA
664,3,S,NA
664,4,S,NA
664,5,S,NA
665,1,OE,0.25
665,2,OE,0.25
665,3,OE,0.75
665,4,OE,0.25
665,5,OE,0.75
666,1,RV,0.5
666,2,RV,0.25
666,3,RV,0.25
666,4,RV,0.25
666,5,RV,0.25
667,1,V,0
667,2,V,0
667,3,V,0.75
667,4,V,0.75
667,5,V,0.25
668,1,NA,0
668,2,NA,0
668,3,NA,0.25
668,4,NA,0
668,5,NA,NA
669,1,NA,0.75
669,2,NA,NA
669,3,NA,NA
669,4,NA,NA
669,5,NA,NA
670,1,SF,NA
670,2,SF,0.25
670,3,SF,NA
670,4,SF,0.5
670,5,SF,NA
671,1,V,1
671,2,V,1
671,3,V,1
671,4,V,1
671,5,V,1
672,1,NA,0.25
672,2,NA,NA
672,3,NA,NA
672,4,NA,NA
672,5,NA,NA
673,1,S,0
673,2,S,NA
673,3,S,NA
673,4,S,0
673,5,S,0
674,1,DF,0
674,2,DF,0
674,3,DF,0
674,4,DF,NA
674,5,DF,0
675,1,NA,0
675,2,NA,NA
675,3,NA,0
675,4,NA,0.25
675,5,NA,0.25
676,1,NA,0.5
676,2,NA,NA
676,3,NA,NA
676,4,NA,NA
676,5,NA,NA
677,1,C,1
677,2,C,1
677,3,C,1
677,4,C,NA
677,5,C,NA
678,1,C,0.75
678,2,C,NA
678,3,C,NA
678,4,C,NA
678,5,C,NA
679,1,C,0.25
679,2,C,0.25
679,3,C,0.25
679,4,C,0.5
679,5,C,0.25
680,1,SF,0
680,2,SF,0
680,3,SF,0
680,4,SF,0.25
680,5,SF,0.25
681,1,SF,0.25
681,2,SF,0.25
681,3,SF,0.25
681,4,SF,0.75
681,5,SF,0.25
682,1,S,0.5
682,2,S,NA
682,3,S,NA
682,4,S,NA
682,5,S,NA
683,1,C,0.5
683,2,C,NA
683,3,C,NA
683,4,C,NA
683,5,C,NA
684,1,DF,1
684,2,DF,1
684,3,DF,NA
684,4,DF,NA
684,5,DF,1
685,1,C,1
685,2,C,1
685,3,C,1
685,4,C,NA
685,5,C,1
686,1,NA,NA
686,2,NA,0.75
686,3,NA,1
686,4,NA,NA
686,5,NA,NA
687,1,C,1
687,2,C,1
687,3,C,1
687,4,C,NA
687,5,C,NA
688,1,V,0.25
688,2,V,0.5
688,3,V,1
688,4,V,1
688,5,V,NA
689,1,V,0.75
689,2,V,NA
689,3,V,NA
689,4,V,NA
689,5,V,NA
690,1,SF,0.5
690,2,SF,1
690,3,SF,0.5
690,4,SF,NA
690,5,SF,0.5
691,1,S,0
691,2,S,NA
691,3,S,NA
691,4,S,NA
691,5,S,NA
692,1,SF,0.25
692,2,SF,0
692,3,SF,0.25
692,4,SF,0.25
692,5,SF,0
693,1,S,0
693,2,S,0
693,3,S,0
693,4,S,0
693,5,S,0
694,1,SF,0.25
694,2,SF,0.25
694,3,SF,0.25
694,4,SF,0.25
694,5,SF,0.25
695,1,SF,0
695,2,SF,NA
695,3,SF,NA
695,4,SF,NA
695,5,SF,NA
696,1,SF,0
696,2,SF,0
696,3,SF,0
696,4,SF,0
696,5,SF,0
697,1,Kr,0
697,2,Kr,0
697,3,Kr,0
697,4,Kr,0
697,5,Kr,0
698,1,NA,0
698,2,NA,0
698,3,NA,NA
698,4,NA,1
698,5,NA,NA
699,1,V,1
699,2,V,1
699,3,V,1
699,4,V,1
699,5,V,1
700,1,S,0.5
700,2,S,0.5
700,3,S,NA
700,4,S,NA
700,5,S,0.25
701,1,NA,0.5
701,2,NA,0.25
701,3,NA,1
701,4,NA,1
701,5,NA,0.75
702,1,S,0
702,2,S,0
702,3,S,0
702,4,S,0
702,5,S,0
703,1,NA,0
703,2,NA,0.25
703,3,NA,NA
703,4,NA,0
703,5,NA,0.25
704,1,SF,0
704,2,SF,0
704,3,SF,0
704,4,SF,0
704,5,SF,0
705,1,DF,1
705,2,DF,0
705,3,DF,1
705,4,DF,1
705,5,DF,1
706,1,C,0.5
706,2,C,NA
706,3,C,NA
706,4,C,NA
706,5,C,NA
707,1,SF,0
707,2,SF,0
707,3,SF,NA
707,4,SF,0
707,5,SF,0
708,1,V,0.75
708,2,V,0.75
708,3,V,1
708,4,V,1
708,5,V,1
709,1,V,0
709,2,V,NA
709,3,V,NA
709,4,V,NA
709,5,V,NA
710,1,V,1
710,2,V,1
710,3,V,1
710,4,V,1
710,5,V,1
711,1,SF,0.5
711,2,SF,0.5
711,3,SF,0.25
711,4,SF,0.5
711,5,SF,0.25
712,1,RV,0.5
712,2,RV,0.25
712,3,RV,0.75
712,4,RV,0.5
712,5,RV,0.5
713,1,NA,0.5
713,2,NA,0.75
713,3,NA,1
713,4,NA,0.5
713,5,NA,1
714,1,C,0.75
714,2,C,0.5
714,3,C,1
714,4,C,0
714,5,C,1
715,1,NA,0
715,2,NA,0.75
715,3,NA,NA
715,4,NA,1
715,5,NA,NA
716,1,NA,1
716,2,NA,NA
716,3,NA,NA
716,4,NA,NA
716,5,NA,NA
717,1,S,0
717,2,S,0
717,3,S,0
717,4,S,0
717,5,S,0
718,1,C,0.5
718,2,C,0.5
718,3,C,0.75
718,4,C,0.5
718,5,C,0.75
719,1,S,0
719,2,S,0
719,3,S,NA
719,4,S,0
719,5,S,0
720,1,V,0
720,2,V,NA
720,3,V,0
720,4,V,1
720,5,V,0
721,1,V,0.25
721,2,V,0.25
721,3,V,0.5
721,4,V,0.75
721,5,V,0.75
722,1,S,0
722,2,S,0
722,3,S,1
722,4,S,NA
722,5,S,NA
723,1,SF,0.25
723,2,SF,0.75
723,3,SF,1
723,4,SF,1
723,5,SF,0.75
724,1,V,1
724,2,V,1
724,3,V,1
724,4,V,1
724,5,V,NA
725,1,SF,0.25
725,2,SF,0
725,3,SF,0
725,4,SF,NA
725,5,SF,NA
726,1,V,0.75
726,2,V,0.5
726,3,V,0.5
726,4,V,0.25
726,5,V,0.5
727,1,V,0.25
727,2,V,NA
727,3,V,NA
727,4,V,NA
727,5,V,NA
728,1,OE,0
728,2,OE,0
728,3,OE,0
728,4,OE,0
728,5,OE,0
729,1,V,0
729,2,V,0
729,3,V,0
729,4,V,NA
729,5,V,NA
730,1,SF,0.25
730,2,SF,0.25
730,3,SF,0
730,4,SF,0.25
730,5,SF,0
731,1,S,0
731,2,S,0
731,3,S,0.75
731,4,S,NA
731,5,S,NA
732,1,RV,NA
732,2,RV,0.5
732,3,RV,0.5
732,4,RV,0.25
732,5,RV,0.25
733,1,S,0
733,2,S,NA
733,3,S,NA
733,4,S,NA
733,5,S,NA
734,1,S,0.75
734,2,S,NA
734,3,S,NA
734,4,S,NA
734,5,S,NA
735,1,V,0.5
735,2,V,0.75
735,3,V,1
735,4,V,0.75
735,5,V,NA
736,1,V,1
736,2,V,1
736,3,V,NA
736,4,V,NA
736,5,V,NA
737,1,SF,1
737,2,SF,1
737,3,SF,NA
737,4,SF,0.5
737,5,SF,0.75
738,1,SF,0.5
738,2,SF,NA
738,3,SF,NA
738,4,SF,NA
738,5,SF,NA
739,1,S,0.5
739,2,S,0
739,3,S,NA
739,4,S,NA
739,5,S,NA
740,1,V,0.5
740,2,V,NA
740,3,V,NA
740,4,V,NA
740,5,V,NA
741,1,V,1
741,2,V,NA
741,3,V,NA
741,4,V,NA
741,5,V,NA
742,1,S,0.75
742,2,S,0.75
742,3,S,0.75
742,4,S,1
742,5,S,0.75
743,1,S,0.25
743,2,S,0.25
743,3,S,0.5
743,4,S,0.25
743,5,S,0.25
744,1,V,0.75
744,2,V,0.5
744,3,V,0.5
744,4,V,0.5
744,5,V,0.75
745,1,SF,NA
745,2,SF,NA
745,3,SF,NA
745,4,SF,NA
745,5,SF,NA
746,1,C,0.75
746,2,C,NA
746,3,C,NA
746,4,C,NA
746,5,C,NA
747,1,S,0.25
747,2,S,0
747,3,S,0
747,4,S,0
747,5,S,0
748,1,S,0
748,2,S,NA
748,3,S,NA
748,4,S,0.25
748,5,S,0.25
749,1,V,0.5
749,2,V,NA
749,3,V,NA
749,4,V,NA
749,5,V,NA
750,1,DF,0
750,2,DF,0
750,3,DF,0
750,4,DF,NA
750,5,DF,0.5
751,1,S,0
751,2,S,0.75
751,3,S,0.5
751,4,S,0.75
751,5,S,1
752,1,V,1
752,2,V,0.5
752,3,V,1
752,4,V,0.5
752,5,V,1
753,1,S,NA
753,2,S,1
753,3,S,NA
753,4,S,NA
753,5,S,0.5
754,1,LA,0.25
754,2,LA,0.25
754,3,LA,0.75
754,4,LA,0.25
754,5,LA,1
755,1,SF,0.75
755,2,SF,0.5
755,3,SF,0.75
755,4,SF,NA
755,5,SF,NA
756,1,NA,0
756,2,NA,0.75
756,3,NA,1
756,4,NA,0.75
756,5,NA,0.25
757,1,NA,0.25
757,2,NA,0.5
757,3,NA,0.75
757,4,NA,0.5
757,5,NA,NA
758,1,NA,0.5
758,2,NA,0.25
758,3,NA,0.25
758,4,NA,0.25
758,5,NA,NA
759,1,SF,0.25
759,2,SF,NA
759,3,SF,NA
759,4,SF,NA
759,5,SF,NA
760,1,NA,1
760,2,NA,0.75
760,3,NA,1
760,4,NA,1
760,5,NA,1
761,1,NA,0
761,2,NA,0
761,3,NA,0
761,4,NA,0
761,5,NA,0
762,1,RV,0.25
762,2,RV,0.5
762,3,RV,NA
762,4,RV,NA
762,5,RV,NA
763,1,SF,0
763,2,SF,0
763,3,SF,0
763,4,SF,0
763,5,SF,0
764,1,S,0
764,2,S,0
764,3,S,0
764,4,S,0
764,5,S,NA
765,1,NA,1
765,2,NA,NA
765,3,NA,NA
765,4,NA,1
765,5,NA,NA
766,1,C,0.75
766,2,C,NA
766,3,C,NA
766,4,C,0.75
766,5,C,0.75
767,1,C,0.75
767,2,C,NA
767,3,C,NA
767,4,C,NA
767,5,C,NA
768,1,SF,1
768,2,SF,0.75
768,3,SF,0.75
768,4,SF,0.5
768,5,SF,0.5
769,1,OE,0
769,2,OE,0
769,3,OE,0
769,4,OE,0
769,5,OE,NA
770,1,NA,0
770,2,NA,NA
770,3,NA,NA
770,4,NA,NA
770,5,NA,NA
771,1,NA,0
771,2,NA,NA
771,3,NA,NA
771,4,NA,0.5
771,5,NA,0.25
772,1,OE,0
772,2,OE,0
772,3,OE,0
772,4,OE,0
772,5,OE,0
773,1,SF,0.25
773,2,SF,0.25
773,3,SF,0
773,4,SF,0
773,5,SF,0.25
774,1,NA,0
774,2,NA,0.5
774,3,NA,NA
774,4,NA,NA
774,5,NA,NA
775,1,DF,0.25
775,2,DF,0.25
775,3,DF,0.25
775,4,DF,0.25
775,5,DF,0.25
776,1,S,1
776,2,S,NA
776,3,S,NA
776,4,S,0
776,5,S,NA
777,1,DF,1
777,2,DF,NA
777,3,DF,NA
777,4,DF,NA
777,5,DF,NA
778,1,NA,0
778,2,NA,NA
778,3,NA,NA
778,4,NA,0.25
778,5,NA,0.25
779,1,NA,0.5
779,2,NA,NA
779,3,NA,NA
779,4,NA,NA
779,5,NA,NA
780,1,SF,0.25
780,2,SF,NA
780,3,SF,NA
780,4,SF,NA
780,5,SF,NA
781,1,C,0.75
781,2,C,0.75
781,3,C,0.5
781,4,C,1
781,5,C,0.75
782,1,S,0.75
782,2,S,NA
782,3,S,NA
782,4,S,NA
782,5,S,NA
783,1,Kr,0.75
783,2,Kr,0
783,3,Kr,0
783,4,Kr,NA
783,5,Kr,NA
784,1,DF,0.75
784,2,DF,0
784,3,DF,0.25
784,4,DF,0.5
784,5,DF,0.25
785,1,V,0.5
785,2,V,NA
785,3,V,NA
785,4,V,NA
785,5,V,NA
786,1,SF,0.25
786,2,SF,0
786,3,SF,NA
786,4,SF,0
786,5,SF,0
787,1,S,0
787,2,S,NA
787,3,S,NA
787,4,S,NA
787,5,S,NA
788,1,V,0
788,2,V,0
788,3,V,0
788,4,V,0
788,5,V,0
789,1,DF,0.25
789,2,DF,NA
789,3,DF,NA
789,4,DF,NA
789,5,DF,NA
790,1,S,0
790,2,S,NA
790,3,S,NA
790,4,S,NA
790,5,S,0
791,1,SF,0.75
791,2,SF,NA
791,3,SF,0.75
791,4,SF,0
791,5,SF,NA
792,1,C,1
792,2,C,NA
792,3,C,NA
792,4,C,NA
792,5,C,NA
793,1,V,0.25
793,2,V,NA
793,3,V,NA
793,4,V,NA
793,5,V,NA
794,1,NA,0.25
794,2,NA,0.25
794,3,NA,0
794,4,NA,0.75
794,5,NA,0.5
795,1,S,0
795,2,S,0.25
795,3,S,0.25
795,4,S,0
795,5,S,NA
796,1,C,0.75
796,2,C,NA
796,3,C,NA
796,4,C,NA
796,5,C,NA
797,1,SF,0.5
797,2,SF,0.25
797,3,SF,0.25
797,4,SF,0.75
797,5,SF,NA
798,1,NA,0.5
798,2,NA,NA
798,3,NA,NA
798,4,NA,0.25
798,5,NA,NA
799,1,SF,0
799,2,SF,NA
799,3,SF,NA
799,4,SF,NA
799,5,SF,NA
800,1,NA,0
800,2,NA,NA
800,3,NA,0.5
800,4,NA,NA
800,5,NA,NA
801,1,S,0
801,2,S,0.25
801,3,S,NA
801,4,S,0
801,5,S,0
802,1,V,0.75
802,2,V,NA
802,3,V,NA
802,4,V,NA
802,5,V,NA
803,1,NA,0
803,2,NA,NA
803,3,NA,NA
803,4,NA,NA
803,5,NA,NA
804,1,SF,0.25
804,2,SF,0.25
804,3,SF,NA
804,4,SF,NA
804,5,SF,1
805,1,DF,0.5
805,2,DF,NA
805,3,DF,1
805,4,DF,NA
805,5,DF,0.25
806,1,SF,0.5
806,2,SF,0.5
806,3,SF,0.75
806,4,SF,0.75
806,5,SF,0.75
807,1,NA,NA
807,2,NA,0
807,3,NA,0
807,4,NA,0.5
807,5,NA,0.25
808,1,V,0.5
808,2,V,0.5
808,3,V,1
808,4,V,0.5
808,5,V,0.5
809,1,SF,0
809,2,SF,0
809,3,SF,0
809,4,SF,0
809,5,SF,0
810,1,NA,0.75
810,2,NA,0.25
810,3,NA,0.75
810,4,NA,NA
810,5,NA,0.75
811,1,NA,0
811,2,NA,0
811,3,NA,0
811,4,NA,0
811,5,NA,0
812,1,S,0
812,2,S,0
812,3,S,0.25
812,4,S,0
812,5,S,0
813,1,V,NA
813,2,V,0.5
813,3,V,1
813,4,V,0.75
813,5,V,0.75
814,1,SF,0.25
814,2,SF,0.5
814,3,SF,0
814,4,SF,0.5
814,5,SF,0.5
815,1,V,1
815,2,V,NA
815,3,V,NA
815,4,V,NA
815,5,V,NA
816,1,SF,0
816,2,SF,NA
816,3,SF,NA
816,4,SF,NA
816,5,SF,NA
817,1,SF,0
817,2,SF,0.75
817,3,SF,NA
817,4,SF,NA
817,5,SF,0.75
818,1,OE,0
818,2,OE,0
818,3,OE,0
818,4,OE,0.25
818,5,OE,NA
819,1,DF,0
819,2,DF,NA
819,3,DF,NA
819,4,DF,NA
819,5,DF,NA
820,1,S,0.25
820,2,S,0
820,3,S,0
820,4,S,0
820,5,S,0
821,1,C,0.25
821,2,C,0.75
821,3,C,1
821,4,C,0.75
821,5,C,1
822,1,OE,0.25
822,2,OE,0
822,3,OE,0
822,4,OE,1
822,5,OE,0
823,1,LA,0.75
823,2,LA,1
823,3,LA,1
823,4,LA,1
823,5,LA,1
824,1,SF,0.25
824,2,SF,0.25
824,3,SF,0.25
824,4,SF,0
824,5,SF,0
825,1,NA,0
825,2,NA,0.5
825,3,NA,0.5
825,4,NA,0.5
825,5,NA,0.75
826,1,S,1
826,2,S,1
826,3,S,0.75
826,4,S,0.5
826,5,S,NA
827,1,NA,0
827,2,NA,NA
827,3,NA,NA
827,4,NA,NA
827,5,NA,NA
828,1,V,0.75
828,2,V,0.75
828,3,V,0.75
828,4,V,NA
828,5,V,NA
829,1,S,0
829,2,S,0
829,3,S,0
829,4,S,0
829,5,S,NA
830,1,DF,0
830,2,DF,NA
830,3,DF,NA
830,4,DF,NA
830,5,DF,NA
831,1,S,0.25
831,2,S,0.75
831,3,S,NA
831,4,S,0.25
831,5,S,NA
832,1,S,0.75
832,2,S,0.75
832,3,S,NA
832,4,S,0.5
832,5,S,1
833,1,S,0.25
833,2,S,NA
833,3,S,NA
833,4,S,NA
833,5,S,NA
834,1,DF,1
834,2,DF,0.5
834,3,DF,0.5
834,4,DF,0.5
834,5,DF,0.25
835,1,NA,0.75
835,2,NA,NA
835,3,NA,NA
835,4,NA,NA
835,5,NA,NA
836,1,SF,0.25
836,2,SF,0.25
836,3,SF,0.25
836,4,SF,0.25
836,5,SF,0.25
837,1,OE,0
837,2,OE,0
837,3,OE,0
837,4,OE,0
837,5,OE,0
838,1,NA,0.25
838,2,NA,NA
838,3,NA,NA
838,4,NA,NA
838,5,NA,NA
839,1,RV,1
839,2,RV,0.75
839,3,RV,0.75
839,4,RV,1
839,5,RV,0.75
840,1,RV,0.5
840,2,RV,NA
840,3,RV,NA
840,4,RV,NA
840,5,RV,NA
841,1,V,0.75
841,2,V,0.75
841,3,V,1
841,4,V,1
841,5,V,1
842,1,NA,0.25
842,2,NA,NA
842,3,NA,NA
842,4,NA,NA
842,5,NA,NA
843,1,SF,0
843,2,SF,NA
843,3,SF,NA
843,4,SF,0.25
843,5,SF,0.25
844,1,NA,1
844,2,NA,0.75
844,3,NA,1
844,4,NA,1
844,5,NA,1
845,1,S,0
845,2,S,NA
845,3,S,NA
845,4,S,0
845,5,S,NA
846,1,C,1
846,2,C,NA
846,3,C,NA
846,4,C,NA
846,5,C,NA
847,1,SF,0
847,2,SF,NA
847,3,SF,NA
847,4,SF,NA
847,5,SF,NA
848,1,C,0.75
848,2,C,0.75
848,3,C,1
848,4,C,NA
848,5,C,NA
849,1,RV,0.5
849,2,RV,NA
849,3,RV,NA
849,4,RV,0
849,5,RV,1
850,1,S,0
850,2,S,0
850,3,S,0
850,4,S,0
850,5,S,0
851,1,RV,0.5
851,2,RV,0
851,3,RV,1
851,4,RV,NA
851,5,RV,NA
852,1,C,0.25
852,2,C,NA
852,3,C,NA
852,4,C,NA
852,5,C,NA
853,1,SF,0.25
853,2,SF,0.75
853,3,SF,0.75
853,4,SF,0.75
853,5,SF,0.75
854,1,OE,0
854,2,OE,0
854,3,OE,0
854,4,OE,0
854,5,OE,0
855,1,Kr,0.5
855,2,Kr,0.25
855,3,Kr,0.5
855,4,Kr,NA
855,5,Kr,NA
856,1,S,0
856,2,S,0
856,3,S,0
856,4,S,0
856,5,S,0
857,1,S,0
857,2,S,0
857,3,S,NA
857,4,S,NA
857,5,S,NA
858,1,DF,0
858,2,DF,0
858,3,DF,0.5
858,4,DF,0.75
858,5,DF,0.75
859,1,DF,1
859,2,DF,1
859,3,DF,1
859,4,DF,1
859,5,DF,1
860,1,S,0.25
860,2,S,0
860,3,S,0
860,4,S,0
860,5,S,0
861,1,C,0.75
861,2,C,0.75
861,3,C,0.75
861,4,C,0.5
861,5,C,0.75
862,1,V,0.25
862,2,V,0.25
862,3,V,NA
862,4,V,NA
862,5,V,0.5
863,1,S,0
863,2,S,0
863,3,S,0
863,4,S,0
863,5,S,0
864,1,V,0.5
864,2,V,NA
864,3,V,NA
864,4,V,NA
864,5,V,NA
865,1,NA,0.25
865,2,NA,0.25
865,3,NA,1
865,4,NA,0.5
865,5,NA,0.75
866,1,S,0
866,2,S,0
866,3,S,0
866,4,S,0
866,5,S,0
867,1,RV,0.75
867,2,RV,0.5
867,3,RV,NA
867,4,RV,0.75
867,5,RV,0.75
868,1,V,0
868,2,V,0
868,3,V,0.25
868,4,V,0.25
868,5,V,0.5
869,1,SF,0.25
869,2,SF,0
869,3,SF,0.5
869,4,SF,0.25
869,5,SF,0.25
870,1,S,0.75
870,2,S,NA
870,3,S,NA
870,4,S,NA
870,5,S,NA
871,1,V,1
871,2,V,1
871,3,V,1
871,4,V,1
871,5,V,1
872,1,C,1
872,2,C,1
872,3,C,1
872,4,C,1
872,5,C,1
873,1,DF,1
873,2,DF,NA
873,3,DF,NA
873,4,DF,NA
873,5,DF,NA
874,1,NA,0
874,2,NA,0
874,3,NA,0
874,4,NA,0
874,5,NA,0.25
875,1,V,1
875,2,V,NA
875,3,V,NA
875,4,V,NA
875,5,V,NA
876,1,S,0
876,2,S,0
876,3,S,0
876,4,S,NA
876,5,S,NA
877,1,V,1
877,2,V,0.75
877,3,V,1
877,4,V,NA
877,5,V,NA
878,1,OE,0
878,2,OE,0
878,3,OE,0
878,4,OE,0
878,5,OE,0
879,1,SF,0.25
879,2,SF,0.5
879,3,SF,0
879,4,SF,0.25
879,5,SF,0
880,1,V,1
880,2,V,0.75
880,3,V,0.75
880,4,V,1
880,5,V,NA
881,1,V,0.75
881,2,V,0.5
881,3,V,1
881,4,V,0.5
881,5,V,1
882,1,NA,0
882,2,NA,NA
882,3,NA,NA
882,4,NA,NA
882,5,NA,NA
883,1,S,0.75
883,2,S,NA
883,3,S,NA
883,4,S,0
883,5,S,NA
884,1,DF,0
884,2,DF,0
884,3,DF,0
884,4,DF,NA
884,5,DF,0
885,1,SF,0
885,2,SF,0
885,3,SF,0
885,4,SF,0
885,5,SF,0
886,1,SF,0.5
886,2,SF,0.5
886,3,SF,0.75
886,4,SF,NA
886,5,SF,0.5
887,1,OE,0
887,2,OE,0.5
887,3,OE,NA
887,4,OE,0.25
887,5,OE,NA
888,1,S,0.5
888,2,S,NA
888,3,S,NA
888,4,S,NA
888,5,S,NA
889,1,V,0.75
889,2,V,0.75
889,3,V,1
889,4,V,1
889,5,V,1
890,1,C,0.25
890,2,C,0.25
890,3,C,1
890,4,C,0.75
890,5,C,NA
891,1,S,0.5
891,2,S,NA
891,3,S,0
891,4,S,NA
891,5,S,0
892,1,NA,0
892,2,NA,0.25
892,3,NA,0.75
892,4,NA,NA
892,5,NA,NA
893,1,NA,0
893,2,NA,0
893,3,NA,0
893,4,NA,0
893,5,NA,0
894,1,LA,1
894,2,LA,1
894,3,LA,NA
894,4,LA,1
894,5,LA,1
895,1,S,0
895,2,S,0
895,3,S,0
895,4,S,0
895,5,S,0
896,1,SF,NA
896,2,SF,NA
896,3,SF,NA
896,4,SF,NA
896,5,SF,0.5
897,1,C,1
897,2,C,1
897,3,C,1
897,4,C,1
897,5,C,1
898,1,V,0.5
898,2,V,NA
898,3,V,NA
898,4,V,NA
898,5,V,NA
899,1,C,0.5
899,2,C,0.5
899,3,C,0.75
899,4,C,0.75
899,5,C,0.5
900,1,SF,0.25
900,2,SF,0
900,3,SF,0
900,4,SF,0
900,5,SF,0
901,1,RV,0
901,2,RV,NA
901,3,RV,NA
901,4,RV,NA
901,5,RV,0
902,1,V,1
902,2,V,1
902,3,V,1
902,4,V,1
902,5,V,1
903,1,S,0
903,2,S,NA
903,3,S,NA
903,4,S,NA
903,5,S,NA
904,1,C,0.75
904,2,C,0.75
904,3,C,1
904,4,C,1
904,5,C,NA
905,1,RV,0.75
905,2,RV,NA
905,3,RV,NA
905,4,RV,NA
905,5,RV,0.25
906,1,SF,0
906,2,SF,0
906,3,SF,0
906,4,SF,NA
906,5,SF,0
907,1,NA,0.75
907,2,NA,0.5
907,3,NA,0
907,4,NA,0.5
907,5,NA,0.5
908,1,C,1
908,2,C,1
908,3,C,0.25
908,4,C,0.75
908,5,C,0
909,1,C,0.75
909,2,C,0.25
909,3,C,1
909,4,C,0.25
909,5,C,NA
910,1,Kr,0.25
910,2,Kr,0.25
910,3,Kr,0
910,4,Kr,0
910,5,Kr,0
911,1,S,0
911,2,S,0
911,3,S,0.25
911,4,S,0
911,5,S,0.5
912,1,S,0.25
912,2,S,0.25
912,3,S,NA
912,4,S,1
912,5,S,0
913,1,SF,0.75
913,2,SF,NA
913,3,SF,NA
913,4,SF,NA
913,5,SF,NA
914,1,V,0.5
914,2,V,NA
914,3,V,NA
914,4,V,1
914,5,V,1
915,1,V,0.75
915,2,V,0.75
915,3,V,0.75
915,4,V,0.75
915,5,V,1
916,1,V,1
916,2,V,NA
916,3,V,NA
916,4,V,NA
916,5,V,NA
917,1,S,0.75
917,2,S,0.75
917,3,S,0.75
917,4,S,0.75
917,5,S,0.5
918,1,SF,0
918,2,SF,NA
918,3,SF,NA
918,4,SF,0
918,5,SF,0
919,1,V,0.5
919,2,V,NA
919,3,V,NA
919,4,V,NA
919,5,V,NA
920,1,C,0
920,2,C,0
920,3,C,0.75
920,4,C,0.25
920,5,C,0.25
921,1,V,0.75
921,2,V,0.75
921,3,V,NA
921,4,V,0.75
921,5,V,NA
922,1,C,0
922,2,C,0.25
922,3,C,0.25
922,4,C,0.25
922,5,C,0.25
923,1,SF,0
923,2,SF,0
923,3,SF,0
923,4,SF,0
923,5,SF,0
924,1,S,0
924,2,S,0.25
924,3,S,0
924,4,S,0.25
924,5,S,0.25
925,1,OE,0
925,2,OE,0.75
925,3,OE,0.25
925,4,OE,NA
925,5,OE,NA
926,1,SF,0.25
926,2,SF,0.25
926,3,SF,0.25
926,4,SF,0.5
926,5,SF,0.75
927,1,SF,0
927,2,SF,0
927,3,SF,NA
927,4,SF,0.25
927,5,SF,0
928,1,DF,0
928,2,DF,NA
928,3,DF,NA
928,4,DF,NA
928,5,DF,NA
929,1,S,1
929,2,S,1
929,3,S,0.75
929,4,S,0.75
929,5,S,NA
930,1,S,0
930,2,S,NA
930,3,S,NA
930,4,S,NA
930,5,S,NA
931,1,SF,0
931,2,SF,0
931,3,SF,0
931,4,SF,0
931,5,SF,0
932,1,SF,0.25
932,2,SF,0
932,3,SF,0.25
932,4,SF,NA
932,5,SF,NA
933,1,NA,0.75
933,2,NA,0.25
933,3,NA,0.25
933,4,NA,0
933,5,NA,0.25
934,1,SF,0.5
934,2,SF,0.75
934,3,SF,0.75
934,4,SF,NA
934,5,SF,NA
935,1,V,0.25
935,2,V,0.5
935,3,V,0.75
935,4,V,0.5
935,5,V,0.5
936,1,V,0.75
936,2,V,1
936,3,V,1
936,4,V,1
936,5,V,1
937,1,RV,NA
937,2,RV,0.5
937,3,RV,NA
937,4,RV,NA
937,5,RV,0.5
938,1,SF,0
938,2,SF,0.5
938,3,SF,1
938,4,SF,NA
938,5,SF,0.5
939,1,S,0
939,2,S,NA
939,3,S,NA
939,4,S,NA
939,5,S,NA
940,1,S,0
940,2,S,0
940,3,S,0
940,4,S,0
940,5,S,0
941,1,V,0.5
941,2,V,NA
941,3,V,NA
941,4,V,NA
941,5,V,NA
942,1,S,0.75
942,2,S,0.75
942,3,S,NA
942,4,S,NA
942,5,S,NA
943,1,S,0
943,2,S,0
943,3,S,0
943,4,S,0
943,5,S,0
944,1,OE,0
944,2,OE,0.5
944,3,OE,0.25
944,4,OE,0.25
944,5,OE,NA
945,1,DF,0.75
945,2,DF,NA
945,3,DF,NA
945,4,DF,0.75
945,5,DF,1
946,1,C,0.25
946,2,C,0.25
946,3,C,0.25
946,4,C,NA
946,5,C,0.75
947,1,V,0.5
947,2,V,0.75
947,3,V,1
947,4,V,NA
947,5,V,NA
948,1,Kr,0.25
948,2,Kr,NA
948,3,Kr,NA
948,4,Kr,NA
948,5,Kr,NA
949,1,S,0
949,2,S,NA
949,3,S,NA
949,4,S,NA
949,5,S,NA
950,1,C,0.5
950,2,C,0.75
950,3,C,0.5
950,4,C,0.75
950,5,C,0.75
951,1,NA,0
951,2,NA,NA
951,3,NA,NA
951,4,NA,NA
951,5,NA,NA
952,1,V,0.75
952,2,V,NA
952,3,V,NA
952,4,V,NA
952,5,V,NA
953,1,V,1
953,2,V,1
953,3,V,1
953,4,V,NA
953,5,V,NA
954,1,S,0.25
954,2,S,0
954,3,S,0.25
954,4,S,0.75
954,5,S,NA
955,1,DF,1
955,2,DF,NA
955,3,DF,NA
955,4,DF,NA
955,5,DF,NA
956,1,SF,0
956,2,SF,NA
956,3,SF,NA
956,4,SF,0
956,5,SF,0
957,1,V,0.75
957,2,V,0.75
957,3,V,0.75
957,4,V,0.75
957,5,V,NA
958,1,V,0.75
958,2,V,0.75
958,3,V,0.75
958,4,V,0.5
958,5,V,0.5
959,1,V,0.75
959,2,V,0.75
959,3,V,1
959,4,V,1
959,5,V,NA
960,1,DF,0
960,2,DF,NA
960,3,DF,NA
960,4,DF,NA
960,5,DF,NA
961,1,C,0.25
961,2,C,0.25
961,3,C,NA
961,4,C,NA
961,5,C,0
962,1,SF,0.25
962,2,SF,0.75
962,3,SF,0
962,4,SF,0.25
962,5,SF,0
963,1,C,0.5
963,2,C,NA
963,3,C,NA
963,4,C,NA
963,5,C,NA
964,1,C,0
964,2,C,0
964,3,C,0
964,4,C,0
964,5,C,0
965,1,Kr,0.75
965,2,Kr,NA
965,3,Kr,NA
965,4,Kr,NA
965,5,Kr,NA
966,1,C,1
966,2,C,1
966,3,C,1
966,4,C,1
966,5,C,0.75
967,1,DF,0
967,2,DF,NA
967,3,DF,NA
967,4,DF,NA
967,5,DF,NA
968,1,SF,0
968,2,SF,0.25
968,3,SF,0
968,4,SF,0
968,5,SF,0
969,1,NA,0.5
969,2,NA,0.75
969,3,NA,0.75
969,4,NA,0.75
969,5,NA,0.75
970,1,S,0
970,2,S,0
970,3,S,NA
970,4,S,0
970,5,S,NA
971,1,S,0.5
971,2,S,0
971,3,S,NA
971,4,S,NA
971,5,S,0
972,1,DF,1
972,2,DF,NA
972,3,DF,NA
972,4,DF,NA
972,5,DF,NA
973,1,V,0.75
973,2,V,0.75
973,3,V,0.5
973,4,V,0.75
973,5,V,1
974,1,DF,0
974,2,DF,NA
974,3,DF,NA
974,4,DF,NA
974,5,DF,NA
975,1,SF,NA
975,2,SF,0.5
975,3,SF,0.5
975,4,SF,NA
975,5,SF,0.5
976,1,DF,0.5
976,2,DF,NA
976,3,DF,NA
976,4,DF,NA
976,5,DF,NA
977,1,SF,0.25
977,2,SF,NA
977,3,SF,NA
977,4,SF,NA
977,5,SF,NA
978,1,V,1
978,2,V,1
978,3,V,1
978,4,V,NA
978,5,V,1
979,1,S,0
979,2,S,NA
979,3,S,0
979,4,S,0
979,5,S,0
980,1,NA,0.5
980,2,NA,0.25
980,3,NA,0.75
980,4,NA,1
980,5,NA,0.75
981,1,V,0.75
981,2,V,0.75
981,3,V,1
981,4,V,0.75
981,5,V,1
982,1,V,1
982,2,V,1
982,3,V,1
982,4,V,1
982,5,V,0.75
983,1,DF,0.75
983,2,DF,NA
983,3,DF,NA
983,4,DF,0.75
983,5,DF,NA
984,1,SF,0
984,2,SF,0
984,3,SF,0
984,4,SF,0
984,5,SF,0
985,1,V,NA
985,2,V,NA
985,3,V,NA
985,4,V,NA
985,5,V,NA
986,1,S,0.25
986,2,S,NA
986,3,S,NA
986,4,S,NA
986,5,S,NA
987,1,SF,0.5
987,2,SF,0.75
987,3,SF,0.5
987,4,SF,0.75
987,5,SF,0.25
988,1,SF,0
988,2,SF,0
988,3,SF,0.5
988,4,SF,0.25
988,5,SF,0.25
989,1,DF,0
989,2,DF,NA
989,3,DF,NA
989,4,DF,NA
989,5,DF,NA
990,1,SF,0
990,2,SF,0
990,3,SF,0
990,4,SF,NA
990,5,SF,NA
991,1,DF,1
991,2,DF,1
991,3,DF,NA
991,4,DF,1
991,5,DF,NA
992,1,NA,1
992,2,NA,1
992,3,NA,1
992,4,NA,1
992,5,NA,1
993,1,SF,0.25
993,2,SF,0.5
993,3,SF,0.5
993,4,SF,NA
993,5,SF,0.5
994,1,RV,1
994,2,RV,0.75
994,3,RV,1
994,4,RV,1
994,5,RV,1
995,1,SF,0
995,2,SF,0
995,3,SF,0
995,4,SF,NA
995,5,SF,NA
996,1,SF,0
996,2,SF,0
996,3,SF,0.25
996,4,SF,NA
996,5,SF,NA
997,1,SF,0
997,2,SF,0
997,3,SF,0
997,4,SF,0
997,5,SF,0
998,1,V,0
998,2,V,0
998,3,V,0.25
998,4,V,NA
998,5,V,NA
999,1,S,0
999,2,S,0
999,3,S,0
999,4,S,0
999,5,S,0
1000,1,V,0
1000,2,V,0
1000,3,V,1
1000,4,V,NA
1000,5,V,NA
1001,1,S,0
1001,2,S,0
1001,3,S,0
1001,4,S,0
1001,5,S,0
1002,1,SF,0
1002,2,SF,0
1002,3,SF,0
1002,4,SF,0
1002,5,SF,0
1003,1,DF,0.75
1003,2,DF,NA
1003,3,DF,NA
1003,4,DF,NA
1003,5,DF,NA
1004,1,C,1
1004,2,C,1
1004,3,C,1
1004,4,C,1
1004,5,C,1
1005,1,S,0.25
1005,2,S,0.75
1005,3,S,NA
1005,4,S,0.25
1005,5,S,0
1006,1,V,0.25
1006,2,V,0.25
1006,3,V,0.25
1006,4,V,0
1006,5,V,0.25
1007,1,V,0
1007,2,V,0
1007,3,V,0.5
1007,4,V,0.25
1007,5,V,0.5
1008,1,S,0.25
1008,2,S,0.25
1008,3,S,0
1008,4,S,0.25
1008,5,S,0
1009,1,C,0
1009,2,C,0
1009,3,C,0
1009,4,C,0
1009,5,C,0
1010,1,S,0
1010,2,S,NA
1010,3,S,NA
1010,4,S,NA
1010,5,S,NA
1011,1,Kr,0
1011,2,Kr,0
1011,3,Kr,0
1011,4,Kr,0
1011,5,Kr,0
1012,1,NA,0
1012,2,NA,0
1012,3,NA,0
1012,4,NA,0
1012,5,NA,0
1013,1,SF,0
1013,2,SF,0.25
1013,3,SF,0.25
1013,4,SF,0.5
1013,5,SF,0.75
1014,1,NA,0.5
1014,2,NA,0.75
1014,3,NA,0.75
1014,4,NA,NA
1014,5,NA,NA
1015,1,SF,0.75
1015,2,SF,0.75
1015,3,SF,0.25
1015,4,SF,0.5
1015,5,SF,NA
1016,1,S,1
1016,2,S,0.75
1016,3,S,0.25
1016,4,S,0
1016,5,S,0.25
1017,1,Kr,0
1017,2,Kr,0
1017,3,Kr,0.25
1017,4,Kr,0.25
1017,5,Kr,0
1018,1,SF,0.75
1018,2,SF,0.5
1018,3,SF,0.75
1018,4,SF,NA
1018,5,SF,NA
1019,1,DF,0
1019,2,DF,NA
1019,3,DF,NA
1019,4,DF,NA
1019,5,DF,NA
1020,1,OE,0.75
1020,2,OE,0.75
1020,3,OE,0.75
1020,4,OE,0.75
1020,5,OE,0.25
1021,1,C,0
1021,2,C,0
1021,3,C,0
1021,4,C,0
1021,5,C,NA
1022,1,NA,0.5
1022,2,NA,NA
1022,3,NA,NA
1022,4,NA,NA
1022,5,NA,NA
1023,1,S,0
1023,2,S,0
1023,3,S,NA
1023,4,S,0
1023,5,S,0
1024,1,SF,0
1024,2,SF,NA
1024,3,SF,NA
1024,4,SF,NA
1024,5,SF,NA
1025,1,V,0
1025,2,V,NA
1025,3,V,NA
1025,4,V,NA
1025,5,V,NA
1026,1,NA,NA
1026,2,NA,NA
1026,3,NA,NA
1026,4,NA,NA
1026,5,NA,NA
1027,1,S,0
1027,2,S,0
1027,3,S,0
1027,4,S,0
1027,5,S,0
1028,1,V,0.75
1028,2,V,NA
1028,3,V,NA
1028,4,V,NA
1028,5,V,NA
1029,1,RV,0.25
1029,2,RV,0.75
1029,3,RV,0.5
1029,4,RV,0.5
1029,5,RV,0.75
1030,1,C,0.5
1030,2,C,NA
1030,3,C,NA
1030,4,C,0.75
1030,5,C,NA
1031,1,C,0.75
1031,2,C,1
1031,3,C,1
1031,4,C,0.75
1031,5,C,0.25
1032,1,SF,0
1032,2,SF,0
1032,3,SF,NA
1032,4,SF,0
1032,5,SF,NA
1033,1,S,0
1033,2,S,NA
1033,3,S,NA
1033,4,S,NA
1033,5,S,NA
1034,1,S,0
1034,2,S,0
1034,3,S,0
1034,4,S,NA
1034,5,S,0
1035,1,NA,0.25
1035,2,NA,1
1035,3,NA,0.5
1035,4,NA,0.5
1035,5,NA,0.5
1036,1,DF,0
1036,2,DF,0
1036,3,DF,0.75
1036,4,DF,0.75
1036,5,DF,0.75
1037,1,RV,0.75
1037,2,RV,0.75
1037,3,RV,NA
1037,4,RV,0.5
1037,5,RV,NA
1038,1,SF,0
1038,2,SF,0.25
1038,3,SF,0.25
1038,4,SF,NA
1038,5,SF,NA
1039,1,SF,0
1039,2,SF,0
1039,3,SF,0
1039,4,SF,0
1039,5,SF,0
1040,1,S,0.5
1040,2,S,NA
1040,3,S,NA
1040,4,S,NA
1040,5,S,NA
1041,1,V,0
1041,2,V,0
1041,3,V,0
1041,4,V,0.25
1041,5,V,0
1042,1,RV,0.5
1042,2,RV,0.5
1042,3,RV,NA
1042,4,RV,0.25
1042,5,RV,0.75
1043,1,SF,0.25
1043,2,SF,0
1043,3,SF,0
1043,4,SF,0.5
1043,5,SF,0.5
1044,1,V,0
1044,2,V,0
1044,3,V,0.75
1044,4,V,0.25
1044,5,V,0
1045,1,SF,0.5
1045,2,SF,0
1045,3,SF,0.25
1045,4,SF,1
1045,5,SF,0.25
1046,1,S,0.5
1046,2,S,NA
1046,3,S,0.25
1046,4,S,0.75
1046,5,S,0.5
1047,1,OE,0
1047,2,OE,0
1047,3,OE,0
1047,4,OE,0
1047,5,OE,0
1048,1,C,1
1048,2,C,1
1048,3,C,1
1048,4,C,1
1048,5,C,1
1049,1,V,1
1049,2,V,1
1049,3,V,NA
1049,4,V,1
1049,5,V,1
1050,1,C,0.25
1050,2,C,NA
1050,3,C,NA
1050,4,C,NA
1050,5,C,NA
1051,1,S,0
1051,2,S,NA
1051,3,S,NA
1051,4,S,NA
1051,5,S,NA
1052,1,S,0
1052,2,S,0
1052,3,S,NA
1052,4,S,NA
1052,5,S,NA
1053,1,NA,0.5
1053,2,NA,NA
1053,3,NA,NA
1053,4,NA,NA
1053,5,NA,NA
1054,1,S,0.25
1054,2,S,0
1054,3,S,0
1054,4,S,0.25
1054,5,S,NA
1055,1,C,0.5
1055,2,C,NA
1055,3,C,NA
1055,4,C,NA
1055,5,C,NA
1056,1,SF,0.75
1056,2,SF,0.25
1056,3,SF,NA
1056,4,SF,1
1056,5,SF,0.75
1057,1,NA,0
1057,2,NA,0
1057,3,NA,0.75
1057,4,NA,0.5
1057,5,NA,0
1058,1,DF,0.25
1058,2,DF,NA
1058,3,DF,NA
1058,4,DF,NA
1058,5,DF,NA
1059,1,C,0.75
1059,2,C,0.75
1059,3,C,1
1059,4,C,0.75
1059,5,C,1
1060,1,SF,0.5
1060,2,SF,NA
1060,3,SF,NA
1060,4,SF,NA
1060,5,SF,NA
1061,1,RV,0.25
1061,2,RV,0.5
1061,3,RV,0.75
1061,4,RV,0.75
1061,5,RV,0.75
1062,1,C,0.25
1062,2,C,0.5
1062,3,C,0.5
1062,4,C,0.75
1062,5,C,0.5
1063,1,SF,NA
1063,2,SF,NA
1063,3,SF,NA
1063,4,SF,NA
1063,5,SF,NA
1064,1,V,1
1064,2,V,NA
1064,3,V,NA
1064,4,V,NA
1064,5,V,NA
1065,1,S,0.5
1065,2,S,NA
1065,3,S,NA
1065,4,S,NA
1065,5,S,NA
1066,1,V,1
1066,2,V,1
1066,3,V,1
1066,4,V,1
1066,5,V,1
1067,1,SF,0.25
1067,2,SF,0.25
1067,3,SF,0.25
1067,4,SF,0.75
1067,5,SF,0.75
1068,1,V,0.25
1068,2,V,0.5
1068,3,V,0.5
1068,4,V,NA
1068,5,V,0
1069,1,OE,0
1069,2,OE,0
1069,3,OE,0
1069,4,OE,0.25
1069,5,OE,NA
1070,1,S,0
1070,2,S,0.25
1070,3,S,0
1070,4,S,0.25
1070,5,S,0
1071,1,V,NA
1071,2,V,NA
1071,3,V,0.75
1071,4,V,0.75
1071,5,V,0.75
1072,1,OE,0.25
1072,2,OE,0.25
1072,3,OE,NA
1072,4,OE,NA
1072,5,OE,NA
1073,1,NA,1
1073,2,NA,NA
1073,3,NA,NA
1073,4,NA,0.75
1073,5,NA,1
1074,1,S,0.25
1074,2,S,0.75
1074,3,S,NA
1074,4,S,0.5
1074,5,S,0.75
1075,1,NA,1
1075,2,NA,NA
1075,3,NA,1
1075,4,NA,NA
1075,5,NA,NA
1076,1,NA,0.25
1076,2,NA,0.75
1076,3,NA,0
1076,4,NA,0
1076,5,NA,0.75
1077,1,V,0.75
1077,2,V,NA
1077,3,V,NA
1077,4,V,NA
1077,5,V,NA
1078,1,C,0.75
1078,2,C,0.5
1078,3,C,1
1078,4,C,1
1078,5,C,1
1079,1,SF,0
1079,2,SF,0
1079,3,SF,0
1079,4,SF,0
1079,5,SF,0
1080,1,V,0.75
1080,2,V,NA
1080,3,V,NA
1080,4,V,NA
1080,5,V,NA
1081,1,V,0
1081,2,V,NA
1081,3,V,NA
1081,4,V,NA
1081,5,V,NA
1082,1,V,NA
1082,2,V,NA
1082,3,V,NA
1082,4,V,NA
1082,5,V,NA
1083,1,S,1
1083,2,S,NA
1083,3,S,NA
1083,4,S,NA
1083,5,S,NA
1084,1,SF,0
1084,2,SF,NA
1084,3,SF,NA
1084,4,SF,0.25
1084,5,SF,0.25
1085,1,S,0
1085,2,S,0
1085,3,S,0
1085,4,S,0
1085,5,S,0
1086,1,OE,0
1086,2,OE,0
1086,3,OE,0
1086,4,OE,0
1086,5,OE,0
1087,1,OE,0
1087,2,OE,1
1087,3,OE,0
1087,4,OE,0
1087,5,OE,0
1088,1,V,0.75
1088,2,V,0.5
1088,3,V,0.75
1088,4,V,NA
1088,5,V,NA
1089,1,SF,0
1089,2,SF,0
1089,3,SF,0
1089,4,SF,0
1089,5,SF,NA
1090,1,V,1
1090,2,V,1
1090,3,V,NA
1090,4,V,NA
1090,5,V,NA
1091,1,S,0.25
1091,2,S,0.25
1091,3,S,NA
1091,4,S,0.25
1091,5,S,0
1092,1,C,0.75
1092,2,C,NA
1092,3,C,NA
1092,4,C,NA
1092,5,C,NA
1093,1,DF,0.25
1093,2,DF,0
1093,3,DF,1
1093,4,DF,0
1093,5,DF,0.75
1094,1,NA,0
1094,2,NA,0
1094,3,NA,0
1094,4,NA,NA
1094,5,NA,NA
1095,1,OE,0.75
1095,2,OE,0.25
1095,3,OE,0
1095,4,OE,0
1095,5,OE,0.25
1096,1,V,1
1096,2,V,NA
1096,3,V,1
1096,4,V,1
1096,5,V,NA
1097,1,SF,0.75
1097,2,SF,0.75
1097,3,SF,NA
1097,4,SF,0.25
1097,5,SF,NA
1098,1,NA,0
1098,2,NA,0.25
1098,3,NA,0
1098,4,NA,0
1098,5,NA,0
1099,1,NA,NA
1099,2,NA,NA
1099,3,NA,NA
1099,4,NA,NA
1099,5,NA,NA
1100,1,S,0
1100,2,S,0
1100,3,S,0.5
1100,4,S,0
1100,5,S,NA
1101,1,V,0.5
1101,2,V,NA
1101,3,V,NA
1101,4,V,NA
1101,5,V,NA
1102,1,NA,0.75
1102,2,NA,0.5
1102,3,NA,0.75
1102,4,NA,0.5
1102,5,NA,0.75
1103,1,V,0.25
1103,2,V,0.25
1103,3,V,0.25
1103,4,V,0.75
1103,5,V,0.5
1104,1,C,1
1104,2,C,NA
1104,3,C,NA
1104,4,C,1
1104,5,C,NA
1105,1,RV,0.25
1105,2,RV,0.5
1105,3,RV,0.75
1105,4,RV,0.75
1105,5,RV,NA
1106,1,C,0.5
1106,2,C,NA
1106,3,C,NA
1106,4,C,NA
1106,5,C,NA
1107,1,NA,0
1107,2,NA,NA
1107,3,NA,0
1107,4,NA,NA
1107,5,NA,NA
1108,1,NA,0.25
1108,2,NA,0.5
1108,3,NA,NA
1108,4,NA,NA
1108,5,NA,0.75
1109,1,SF,0
1109,2,SF,0
1109,3,SF,0
1109,4,SF,0
1109,5,SF,0
1110,1,NA,0.25
1110,2,NA,0.25
1110,3,NA,0.75
1110,4,NA,0.25
1110,5,NA,NA
1111,1,RV,1
1111,2,RV,1
1111,3,RV,1
1111,4,RV,NA
1111,5,RV,NA
1112,1,V,0
1112,2,V,NA
1112,3,V,NA
1112,4,V,NA
1112,5,V,NA
1113,1,S,0.75
1113,2,S,NA
1113,3,S,NA
1113,4,S,NA
1113,5,S,0.5
1114,1,S,0.25
1114,2,S,NA
1114,3,S,0.25
1114,4,S,0
1114,5,S,0.25
1115,1,NA,0.25
1115,2,NA,NA
1115,3,NA,0.75
1115,4,NA,0.25
1115,5,NA,0.25
1116,1,S,0
1116,2,S,0
1116,3,S,NA
1116,4,S,0
1116,5,S,NA
1117,1,C,1
1117,2,C,0.75
1117,3,C,NA
1117,4,C,0.5
1117,5,C,0.5
1118,1,C,0
1118,2,C,1
1118,3,C,0
1118,4,C,0.5
1118,5,C,0.75
1119,1,V,0.5
1119,2,V,NA
1119,3,V,NA
1119,4,V,NA
1119,5,V,NA
1120,1,S,0.75
1120,2,S,0.75
1120,3,S,0.75
1120,4,S,0.5
1120,5,S,0.75
1121,1,S,0.25
1121,2,S,0.75
1121,3,S,1
1121,4,S,0.75
1121,5,S,0.25
1122,1,V,1
1122,2,V,1
1122,3,V,1
1122,4,V,1
1122,5,V,1
1123,1,NA,0.75
1123,2,NA,NA
1123,3,NA,NA
1123,4,NA,NA
1123,5,NA,NA
1124,1,RV,0.25
1124,2,RV,0.75
1124,3,RV,NA
1124,4,RV,NA
1124,5,RV,NA
1125,1,V,1
1125,2,V,1
1125,3,V,1
1125,4,V,0.75
1125,5,V,1
1126,1,NA,0.75
1126,2,NA,NA
1126,3,NA,NA
1126,4,NA,NA
1126,5,NA,NA
1127,1,SF,0.5
1127,2,SF,NA
1127,3,SF,0
1127,4,SF,0.25
1127,5,SF,0.25
1128,1,V,0.5
1128,2,V,NA
1128,3,V,NA
1128,4,V,NA
1128,5,V,NA
1129,1,NA,1
1129,2,NA,0.75
1129,3,NA,NA
1129,4,NA,1
1129,5,NA,0.25
1130,1,C,0.75
1130,2,C,0.75
1130,3,C,1
1130,4,C,0.75
1130,5,C,0.75
1131,1,S,1
1131,2,S,1
1131,3,S,0
1131,4,S,0.25
1131,5,S,0.75
1132,1,DF,1
1132,2,DF,1
1132,3,DF,1
1132,4,DF,1
1132,5,DF,1
1133,1,NA,0
1133,2,NA,0.25
1133,3,NA,NA
1133,4,NA,NA
1133,5,NA,NA
1134,1,SF,0
1134,2,SF,0
1134,3,SF,0
1134,4,SF,NA
1134,5,SF,NA
1135,1,SF,0
1135,2,SF,0
1135,3,SF,0
1135,4,SF,0
1135,5,SF,0
1136,1,S,0
1136,2,S,NA
1136,3,S,NA
1136,4,S,NA
1136,5,S,NA
1137,1,SF,0.25
1137,2,SF,0
1137,3,SF,0.25
1137,4,SF,0.25
1137,5,SF,0
1138,1,DF,0
1138,2,DF,0
1138,3,DF,0
1138,4,DF,0
1138,5,DF,NA
1139,1,V,0.75
1139,2,V,1
1139,3,V,0.75
1139,4,V,0.5
1139,5,V,1
1140,1,C,0.25
1140,2,C,NA
1140,3,C,NA
1140,4,C,0.5
1140,5,C,0.75
1141,1,S,0
1141,2,S,0
1141,3,S,0
1141,4,S,0
1141,5,S,0
1142,1,RV,0
1142,2,RV,0
1142,3,RV,0
1142,4,RV,0
1142,5,RV,0
1143,1,V,0
1143,2,V,0
1143,3,V,0.25
1143,4,V,0.25
1143,5,V,0.25
1144,1,NA,1
1144,2,NA,NA
1144,3,NA,0.5
1144,4,NA,1
1144,5,NA,1
1145,1,OE,0
1145,2,OE,0.25
1145,3,OE,0
1145,4,OE,0.25
1145,5,OE,0.25
1146,1,DF,0.5
1146,2,DF,NA
1146,3,DF,1
1146,4,DF,NA
1146,5,DF,NA
1147,1,DF,0.75
1147,2,DF,NA
1147,3,DF,NA
1147,4,DF,NA
1147,5,DF,NA
1148,1,S,0.25
1148,2,S,1
1148,3,S,0.25
1148,4,S,0
1148,5,S,0
1149,1,SF,0.25
1149,2,SF,NA
1149,3,SF,NA
1149,4,SF,NA
1149,5,SF,NA
1150,1,OE,0
1150,2,OE,0
1150,3,OE,0
1150,4,OE,0
1150,5,OE,0
1151,1,SF,0
1151,2,SF,0
1151,3,SF,0
1151,4,SF,0
1151,5,SF,0
1152,1,S,0
1152,2,S,0
1152,3,S,0
1152,4,S,0.5
1152,5,S,NA
1153,1,NA,NA
1153,2,NA,NA
1153,3,NA,NA
1153,4,NA,NA
1153,5,NA,NA
1154,1,NA,0
1154,2,NA,NA
1154,3,NA,NA
1154,4,NA,NA
1154,5,NA,NA
1155,1,V,0.75
1155,2,V,NA
1155,3,V,NA
1155,4,V,NA
1155,5,V,NA
1156,1,V,0.25
1156,2,V,NA
1156,3,V,NA
1156,4,V,NA
1156,5,V,NA
1157,1,S,0.25
1157,2,S,NA
1157,3,S,NA
1157,4,S,NA
1157,5,S,NA
1158,1,DF,0
1158,2,DF,0
1158,3,DF,NA
1158,4,DF,0
1158,5,DF,NA
1159,1,SF,0
1159,2,SF,0
1159,3,SF,NA
1159,4,SF,0.25
1159,5,SF,0.25
1160,1,S,0.25
1160,2,S,NA
1160,3,S,NA
1160,4,S,0.25
1160,5,S,NA
1161,1,DF,0
1161,2,DF,0
1161,3,DF,NA
1161,4,DF,NA
1161,5,DF,NA
1162,1,S,0
1162,2,S,0
1162,3,S,0
1162,4,S,0
1162,5,S,0
1163,1,NA,0
1163,2,NA,NA
1163,3,NA,NA
1163,4,NA,NA
1163,5,NA,NA
1164,1,NA,0.5
1164,2,NA,0.5
1164,3,NA,0.75
1164,4,NA,0.5
1164,5,NA,0.5
1165,1,RV,0.75
1165,2,RV,NA
1165,3,RV,NA
1165,4,RV,NA
1165,5,RV,NA
1166,1,NA,0.25
1166,2,NA,NA
1166,3,NA,0.25
1166,4,NA,0.5
1166,5,NA,0.25
1167,1,SF,0
1167,2,SF,NA
1167,3,SF,0
1167,4,SF,0
1167,5,SF,NA
1168,1,V,0.75
1168,2,V,NA
1168,3,V,NA
1168,4,V,0.5
1168,5,V,1
1169,1,SF,0.5
1169,2,SF,0.75
1169,3,SF,0
1169,4,SF,0
1169,5,SF,0
1170,1,C,0
1170,2,C,0.5
1170,3,C,NA
1170,4,C,NA
1170,5,C,NA
1171,1,DF,0.25
1171,2,DF,0.5
1171,3,DF,0.5
1171,4,DF,0.25
1171,5,DF,0.5
1172,1,SF,0.25
1172,2,SF,NA
1172,3,SF,NA
1172,4,SF,0.5
1172,5,SF,NA
1173,1,C,0
1173,2,C,0.5
1173,3,C,1
1173,4,C,1
1173,5,C,0.75
1174,1,S,0
1174,2,S,0.5
1174,3,S,0
1174,4,S,0
1174,5,S,0
1175,1,C,0.75
1175,2,C,0.75
1175,3,C,1
1175,4,C,1
1175,5,C,0.75
1176,1,NA,0
1176,2,NA,NA
1176,3,NA,NA
1176,4,NA,NA
1176,5,NA,NA
1177,1,OE,0
1177,2,OE,0
1177,3,OE,NA
1177,4,OE,0
1177,5,OE,NA
1178,1,S,0
1178,2,S,NA
1178,3,S,NA
1178,4,S,NA
1178,5,S,NA
1179,1,S,0.75
1179,2,S,NA
1179,3,S,NA
1179,4,S,0.25
1179,5,S,NA
1180,1,V,1
1180,2,V,NA
1180,3,V,NA
1180,4,V,NA
1180,5,V,NA
1181,1,SF,0
1181,2,SF,NA
1181,3,SF,NA
1181,4,SF,0
1181,5,SF,0
1182,1,V,0.75
1182,2,V,0.75
1182,3,V,1
1182,4,V,1
1182,5,V,0.75
1183,1,RV,NA
1183,2,RV,0.5
1183,3,RV,0.75
1183,4,RV,0.25
1183,5,RV,NA
1184,1,S,0
1184,2,S,0.25
1184,3,S,NA
1184,4,S,0
1184,5,S,0.25
1185,1,V,1
1185,2,V,1
1185,3,V,1
1185,4,V,1
1185,5,V,NA
1186,1,SF,0
1186,2,SF,0.5
1186,3,SF,0.5
1186,4,SF,0.5
1186,5,SF,0.5
1187,1,C,1
1187,2,C,1
1187,3,C,1
1187,4,C,1
1187,5,C,1
1188,1,SF,0.75
1188,2,SF,NA
1188,3,SF,NA
1188,4,SF,0.25
1188,5,SF,0.75
1189,1,OE,1
1189,2,OE,1
1189,3,OE,0
1189,4,OE,0
1189,5,OE,0
1190,1,V,0
1190,2,V,NA
1190,3,V,NA
1190,4,V,NA
1190,5,V,NA
1191,1,C,0.75
1191,2,C,1
1191,3,C,1
1191,4,C,NA
1191,5,C,NA
1192,1,S,1
1192,2,S,NA
1192,3,S,NA
1192,4,S,NA
1192,5,S,NA
1193,1,SF,0.5
1193,2,SF,NA
1193,3,SF,NA
1193,4,SF,NA
1193,5,SF,NA
1194,1,SF,0
1194,2,SF,NA
1194,3,SF,NA
1194,4,SF,NA
1194,5,SF,NA
1195,1,SF,0.75
1195,2,SF,0.25
1195,3,SF,0.75
1195,4,SF,0.75
1195,5,SF,1
1196,1,S,0
1196,2,S,NA
1196,3,S,NA
1196,4,S,NA
1196,5,S,NA
1197,1,SF,0
1197,2,SF,0
1197,3,SF,0
1197,4,SF,0
1197,5,SF,0
1198,1,LA,0.75
1198,2,LA,NA
1198,3,LA,0.75
1198,4,LA,0.75
1198,5,LA,0.75
1199,1,V,0.25
1199,2,V,0
1199,3,V,0.5
1199,4,V,0.5
1199,5,V,0.75
1200,1,S,1
1200,2,S,0.25
1200,3,S,0.5
1200,4,S,0.75
1200,5,S,0.5
1201,1,C,0.75
1201,2,C,1
1201,3,C,1
1201,4,C,1
1201,5,C,1
1202,1,RV,1
1202,2,RV,1
1202,3,RV,0.75
1202,4,RV,NA
1202,5,RV,NA
1203,1,DF,0
1203,2,DF,0
1203,3,DF,0
1203,4,DF,0
1203,5,DF,0
1204,1,DF,1
1204,2,DF,1
1204,3,DF,1
1204,4,DF,1
1204,5,DF,1
1205,1,S,0.75
1205,2,S,NA
1205,3,S,NA
1205,4,S,NA
1205,5,S,NA
1206,1,SF,0.25
1206,2,SF,0
1206,3,SF,0
1206,4,SF,1
1206,5,SF,1
1207,1,SF,0.5
1207,2,SF,NA
1207,3,SF,NA
1207,4,SF,NA
1207,5,SF,NA
1208,1,V,0.75
1208,2,V,0.5
1208,3,V,0.75
1208,4,V,0.75
1208,5,V,NA
1209,1,C,1
1209,2,C,0.75
1209,3,C,1
1209,4,C,1
1209,5,C,1
1210,1,Kr,NA
1210,2,Kr,0.75
1210,3,Kr,NA
1210,4,Kr,NA
1210,5,Kr,NA
1211,1,DF,0
1211,2,DF,0
1211,3,DF,0.5
1211,4,DF,0.25
1211,5,DF,0.25
1212,1,SF,0.5
1212,2,SF,NA
1212,3,SF,NA
1212,4,SF,0.25
1212,5,SF,0.75
1213,1,NA,0.75
1213,2,NA,0.75
1213,3,NA,0.25
1213,4,NA,0.75
1213,5,NA,0
1214,1,Kr,0.5
1214,2,Kr,0.75
1214,3,Kr,0.25
1214,4,Kr,0.25
1214,5,Kr,0.75
1215,1,S,0
1215,2,S,NA
1215,3,S,NA
1215,4,S,NA
1215,5,S,NA
1216,1,RV,0.5
1216,2,RV,0.75
1216,3,RV,0.5
1216,4,RV,0.5
1216,5,RV,0.5
1217,1,OE,0
1217,2,OE,NA
1217,3,OE,NA
1217,4,OE,NA
1217,5,OE,NA
1218,1,NA,0.5
1218,2,NA,NA
1218,3,NA,NA
1218,4,NA,NA
1218,5,NA,NA
1219,1,Kr,0.75
1219,2,Kr,0.75
1219,3,Kr,1
1219,4,Kr,0.75
1219,5,Kr,0.75
1220,1,NA,0.75
1220,2,NA,0.75
1220,3,NA,0.75
1220,4,NA,0.75
1220,5,NA,0.5
1221,1,NA,0
1221,2,NA,NA
1221,3,NA,NA
1221,4,NA,NA
1221,5,NA,NA
1222,1,V,0.75
1222,2,V,0.75
1222,3,V,1
1222,4,V,NA
1222,5,V,NA
1223,1,OE,0
1223,2,OE,NA
1223,3,OE,NA
1223,4,OE,NA
1223,5,OE,NA
1224,1,S,0.25
1224,2,S,0.5
1224,3,S,0.5
1224,4,S,0.5
1224,5,S,0.25
1225,1,SF,0
1225,2,SF,NA
1225,3,SF,NA
1225,4,SF,NA
1225,5,SF,0
1226,1,SF,0
1226,2,SF,NA
1226,3,SF,NA
1226,4,SF,NA
1226,5,SF,NA
1227,1,S,0.5
1227,2,S,0
1227,3,S,0.75
1227,4,S,0
1227,5,S,0.25
1228,1,S,0.75
1228,2,S,0.75
1228,3,S,NA
1228,4,S,NA
1228,5,S,NA
1229,1,S,0.25
1229,2,S,0.25
1229,3,S,0.25
1229,4,S,0
1229,5,S,0
1230,1,S,0
1230,2,S,0
1230,3,S,0.5
1230,4,S,0
1230,5,S,0.25
1231,1,SF,0.25
1231,2,SF,NA
1231,3,SF,0.25
1231,4,SF,0.25
1231,5,SF,NA
1232,1,C,0.5
1232,2,C,0.75
1232,3,C,1
1232,4,C,1
1232,5,C,1
1233,1,C,0.75
1233,2,C,0.75
1233,3,C,NA
1233,4,C,0.75
1233,5,C,1
1234,1,C,1
1234,2,C,0.75
1234,3,C,1
1234,4,C,NA
1234,5,C,NA
1235,1,V,0
1235,2,V,0
1235,3,V,0.75
1235,4,V,1
1235,5,V,0
1236,1,V,0.25
1236,2,V,NA
1236,3,V,NA
1236,4,V,NA
1236,5,V,NA
1237,1,S,0.5
1237,2,S,0.75
1237,3,S,1
1237,4,S,0.75
1237,5,S,0.75
1238,1,S,0.5
1238,2,S,0.5
1238,3,S,0.25
1238,4,S,0.5
1238,5,S,0.5
1239,1,S,0.5
1239,2,S,NA
1239,3,S,0
1239,4,S,NA
1239,5,S,NA
1240,1,C,1
1240,2,C,0.75
1240,3,C,NA
1240,4,C,NA
1240,5,C,1
1241,1,NA,0.25
1241,2,NA,0.75
1241,3,NA,0.75
1241,4,NA,0.75
1241,5,NA,NA
1242,1,SF,0.25
1242,2,SF,NA
1242,3,SF,NA
1242,4,SF,NA
1242,5,SF,NA
1243,1,C,0.5
1243,2,C,0.5
1243,3,C,0.75
1243,4,C,0.5
1243,5,C,NA
1244,1,NA,0.75
1244,2,NA,NA
1244,3,NA,NA
1244,4,NA,NA
1244,5,NA,NA
1245,1,RV,0.25
1245,2,RV,0.75
1245,3,RV,0.5
1245,4,RV,0.5
1245,5,RV,0.25
1246,1,V,0.75
1246,2,V,1
1246,3,V,NA
1246,4,V,NA
1246,5,V,NA
1247,1,OE,0
1247,2,OE,0
1247,3,OE,0
1247,4,OE,0
1247,5,OE,0
1248,1,OE,0
1248,2,OE,0
1248,3,OE,0
1248,4,OE,0
1248,5,OE,0
1249,1,V,0
1249,2,V,0
1249,3,V,NA
1249,4,V,NA
1249,5,V,NA
1250,1,S,0.25
1250,2,S,0
1250,3,S,0
1250,4,S,0
1250,5,S,0
1251,1,NA,0
1251,2,NA,0
1251,3,NA,0
1251,4,NA,0
1251,5,NA,0
1252,1,RV,0
1252,2,RV,0
1252,3,RV,0.25
1252,4,RV,0.5
1252,5,RV,0.25
1253,1,NA,0
1253,2,NA,0
1253,3,NA,0.25
1253,4,NA,0
1253,5,NA,0
1254,1,V,0.75
1254,2,V,1
1254,3,V,1
1254,4,V,1
1254,5,V,1
1255,1,SF,0.5
1255,2,SF,NA
1255,3,SF,0.25
1255,4,SF,0.75
1255,5,SF,0.75
1256,1,SF,0.25
1256,2,SF,0.5
1256,3,SF,0.5
1256,4,SF,0.25
1256,5,SF,0.5
1257,1,DF,0
1257,2,DF,0
1257,3,DF,0
1257,4,DF,0
1257,5,DF,0
1258,1,C,0.75
1258,2,C,NA
1258,3,C,NA
1258,4,C,0.75
1258,5,C,NA
1259,1,SF,0
1259,2,SF,0
1259,3,SF,0
1259,4,SF,0
1259,5,SF,0.25
1260,1,S,1
1260,2,S,NA
1260,3,S,NA
1260,4,S,NA
1260,5,S,NA
1261,1,RV,0.75
1261,2,RV,1
1261,3,RV,1
1261,4,RV,1
1261,5,RV,1
1262,1,C,0.25
1262,2,C,NA
1262,3,C,NA
1262,4,C,NA
1262,5,C,NA
1263,1,V,0.75
1263,2,V,0.75
1263,3,V,0.75
1263,4,V,0.75
1263,5,V,0.75
1264,1,S,0
1264,2,S,0
1264,3,S,0.75
1264,4,S,0.25
1264,5,S,0
1265,1,DF,0
1265,2,DF,0
1265,3,DF,NA
1265,4,DF,NA
1265,5,DF,NA
1266,1,V,0.25
1266,2,V,0
1266,3,V,1
1266,4,V,0.25
1266,5,V,1
1267,1,DF,0.75
1267,2,DF,0.25
1267,3,DF,1
1267,4,DF,0.75
1267,5,DF,0.75
1268,1,V,0.75
1268,2,V,0.75
1268,3,V,1
1268,4,V,1
1268,5,V,NA
1269,1,SF,0
1269,2,SF,0
1269,3,SF,0.25
1269,4,SF,0
1269,5,SF,0
1270,1,C,0.25
1270,2,C,0.5
1270,3,C,NA
1270,4,C,NA
1270,5,C,NA
1271,1,SF,0
1271,2,SF,NA
1271,3,SF,NA
1271,4,SF,NA
1271,5,SF,NA
1272,1,V,0.75
1272,2,V,NA
1272,3,V,NA
1272,4,V,NA
1272,5,V,NA
1273,1,NA,0.5
1273,2,NA,NA
1273,3,NA,NA
1273,4,NA,NA
1273,5,NA,NA
1274,1,SF,0.75
1274,2,SF,NA
1274,3,SF,NA
1274,4,SF,NA
1274,5,SF,NA
1275,1,RV,0.75
1275,2,RV,0.75
1275,3,RV,0.75
1275,4,RV,0.75
1275,5,RV,0.75
1276,1,SF,0.25
1276,2,SF,0.25
1276,3,SF,0.25
1276,4,SF,0.25
1276,5,SF,NA
1277,1,S,0
1277,2,S,0
1277,3,S,0
1277,4,S,0
1277,5,S,0
1278,1,S,0
1278,2,S,NA
1278,3,S,NA
1278,4,S,0
1278,5,S,0
1279,1,SF,0.75
1279,2,SF,0.75
1279,3,SF,0.75
1279,4,SF,NA
1279,5,SF,NA
1280,1,NA,0.5
1280,2,NA,0.75
1280,3,NA,0.75
1280,4,NA,0.75
1280,5,NA,0.75
1281,1,SF,0.25
1281,2,SF,0.75
1281,3,SF,0.75
1281,4,SF,0.75
1281,5,SF,0.25
1282,1,RV,0.75
1282,2,RV,1
1282,3,RV,0.75
1282,4,RV,1
1282,5,RV,1
1283,1,SF,0.75
1283,2,SF,0.75
1283,3,SF,0.5
1283,4,SF,0.75
1283,5,SF,NA
1284,1,DF,0.5
1284,2,DF,0.5
1284,3,DF,0.25
1284,4,DF,1
1284,5,DF,0.75
1285,1,SF,0.75
1285,2,SF,0
1285,3,SF,NA
1285,4,SF,NA
1285,5,SF,NA
1286,1,S,0
1286,2,S,0
1286,3,S,0
1286,4,S,0
1286,5,S,0
1287,1,NA,0
1287,2,NA,0.75
1287,3,NA,0.75
1287,4,NA,0.75
1287,5,NA,NA
1288,1,S,0.75
1288,2,S,0.5
1288,3,S,NA
1288,4,S,0.75
1288,5,S,0.5
1289,1,SF,0
1289,2,SF,0.5
1289,3,SF,NA
1289,4,SF,0.25
1289,5,SF,NA
1290,1,S,0.5
1290,2,S,NA
1290,3,S,NA
1290,4,S,NA
1290,5,S,NA
1291,1,S,0
1291,2,S,NA
1291,3,S,NA
1291,4,S,NA
1291,5,S,NA
1292,1,RV,NA
1292,2,RV,0.25
1292,3,RV,NA
1292,4,RV,0
1292,5,RV,0.25
1293,1,S,0.25
1293,2,S,NA
1293,3,S,NA
1293,4,S,NA
1293,5,S,NA
1294,1,S,0.75
1294,2,S,0.25
1294,3,S,0
1294,4,S,0
1294,5,S,0.25
1295,1,SF,0.25
1295,2,SF,1
1295,3,SF,0
1295,4,SF,0
1295,5,SF,0
1296,1,SF,0
1296,2,SF,0
1296,3,SF,0
1296,4,SF,0
1296,5,SF,0
1297,1,NA,0.25
1297,2,NA,0.25
1297,3,NA,1
1297,4,NA,0.5
1297,5,NA,0.25
1298,1,C,0.25
1298,2,C,NA
1298,3,C,NA
1298,4,C,NA
1298,5,C,NA
1299,1,C,0
1299,2,C,NA
1299,3,C,NA
1299,4,C,1
1299,5,C,0.5
1300,1,C,0.75
1300,2,C,0.75
1300,3,C,0.75
1300,4,C,0.75
1300,5,C,0.75
1301,1,NA,0
1301,2,NA,0
1301,3,NA,0
1301,4,NA,0
1301,5,NA,0
1302,1,V,0
1302,2,V,0.75
1302,3,V,NA
1302,4,V,1
1302,5,V,NA
1303,1,V,1
1303,2,V,NA
1303,3,V,NA
1303,4,V,1
1303,5,V,1
1304,1,OE,0.25
1304,2,OE,0.25
1304,3,OE,0
1304,4,OE,0.25
1304,5,OE,0.25
1305,1,C,1
1305,2,C,NA
1305,3,C,NA
1305,4,C,NA
1305,5,C,NA
1306,1,DF,0.75
1306,2,DF,0.75
1306,3,DF,0.25
1306,4,DF,0.25
1306,5,DF,NA
1307,1,S,0
1307,2,S,0
1307,3,S,0.25
1307,4,S,0.25
1307,5,S,0.25
1308,1,DF,1
1308,2,DF,1
1308,3,DF,1
1308,4,DF,1
1308,5,DF,0.75
1309,1,DF,0.75
1309,2,DF,0.25
1309,3,DF,1
1309,4,DF,1
1309,5,DF,0.75
1310,1,NA,0.5
1310,2,NA,NA
1310,3,NA,NA
1310,4,NA,NA
1310,5,NA,NA
1311,1,C,0.5
1311,2,C,0.75
1311,3,C,0.75
1311,4,C,0.75
1311,5,C,NA
1312,1,S,0.25
1312,2,S,0
1312,3,S,0.5
1312,4,S,NA
1312,5,S,NA
1313,1,RV,0.75
1313,2,RV,0.75
1313,3,RV,1
1313,4,RV,0.75
1313,5,RV,1
1314,1,C,1
1314,2,C,1
1314,3,C,1
1314,4,C,1
1314,5,C,1
1315,1,SF,0
1315,2,SF,0
1315,3,SF,0
1315,4,SF,NA
1315,5,SF,0
1316,1,SF,0
1316,2,SF,NA
1316,3,SF,NA
1316,4,SF,NA
1316,5,SF,NA
1317,1,SF,0.25
1317,2,SF,0.25
1317,3,SF,0.5
1317,4,SF,NA
1317,5,SF,NA
1318,1,S,0.5
1318,2,S,NA
1318,3,S,NA
1318,4,S,NA
1318,5,S,NA
1319,1,V,1
1319,2,V,NA
1319,3,V,NA
1319,4,V,NA
1319,5,V,NA
1320,1,V,0.75
1320,2,V,0.5
1320,3,V,0.75
1320,4,V,0.75
1320,5,V,0.75
1321,1,C,0
1321,2,C,0.25
1321,3,C,0
1321,4,C,NA
1321,5,C,NA
1322,1,V,1
1322,2,V,0.75
1322,3,V,NA
1322,4,V,1
1322,5,V,NA
1323,1,OE,0
1323,2,OE,0
1323,3,OE,0
1323,4,OE,0.25
1323,5,OE,0
1324,1,C,0.75
1324,2,C,1
1324,3,C,0.75
1324,4,C,0.25
1324,5,C,0.25
1325,1,S,0
1325,2,S,0.25
1325,3,S,0.25
1325,4,S,0.25
1325,5,S,0
1326,1,S,0
1326,2,S,0
1326,3,S,0
1326,4,S,0
1326,5,S,NA
1327,1,V,0
1327,2,V,NA
1327,3,V,NA
1327,4,V,NA
1327,5,V,NA
1328,1,NA,0.25
1328,2,NA,0
1328,3,NA,0
1328,4,NA,0
1328,5,NA,0
1329,1,C,0.5
1329,2,C,0.5
1329,3,C,0.75
1329,4,C,NA
1329,5,C,NA
1330,1,DF,1
1330,2,DF,1
1330,3,DF,1
1330,4,DF,0.75
1330,5,DF,1
1331,1,SF,NA
1331,2,SF,NA
1331,3,SF,0.25
1331,4,SF,NA
1331,5,SF,NA
1332,1,DF,0
1332,2,DF,0
1332,3,DF,0
1332,4,DF,0
1332,5,DF,0
1333,1,V,0.75
1333,2,V,0.75
1333,3,V,0.25
1333,4,V,NA
1333,5,V,NA
1334,1,SF,0.25
1334,2,SF,0.25
1334,3,SF,0.75
1334,4,SF,NA
1334,5,SF,NA
1335,1,SF,0.75
1335,2,SF,0.25
1335,3,SF,0.75
1335,4,SF,NA
1335,5,SF,NA
1336,1,DF,1
1336,2,DF,NA
1336,3,DF,0
1336,4,DF,0.5
1336,5,DF,NA
1337,1,C,1
1337,2,C,NA
1337,3,C,NA
1337,4,C,NA
1337,5,C,NA
1338,1,NA,NA
1338,2,NA,NA
1338,3,NA,NA
1338,4,NA,NA
1338,5,NA,NA
1339,1,RV,0
1339,2,RV,0
1339,3,RV,0
1339,4,RV,0.25
1339,5,RV,0.25
1340,1,C,0.5
1340,2,C,NA
1340,3,C,NA
1340,4,C,NA
1340,5,C,NA
1341,1,NA,0.75
1341,2,NA,NA
1341,3,NA,0.5
1341,4,NA,0
1341,5,NA,NA
1342,1,V,0.75
1342,2,V,0.5
1342,3,V,NA
1342,4,V,0.5
1342,5,V,NA
1343,1,NA,1
1343,2,NA,NA
1343,3,NA,NA
1343,4,NA,1
1343,5,NA,NA
1344,1,C,0
1344,2,C,0.25
1344,3,C,0.25
1344,4,C,0
1344,5,C,0
1345,1,SF,0.25
1345,2,SF,0.5
1345,3,SF,0.25
1345,4,SF,0.25
1345,5,SF,0.25
1346,1,V,0.75
1346,2,V,1
1346,3,V,1
1346,4,V,0.75
1346,5,V,1
1347,1,V,1
1347,2,V,1
1347,3,V,1
1347,4,V,1
1347,5,V,1
1348,1,C,0.75
1348,2,C,1
1348,3,C,1
1348,4,C,1
1348,5,C,1
1349,1,SF,0
1349,2,SF,NA
1349,3,SF,NA
1349,4,SF,NA
1349,5,SF,NA
1350,1,C,0.5
1350,2,C,0.5
1350,3,C,NA
1350,4,C,NA
1350,5,C,NA
1351,1,V,1
1351,2,V,1
1351,3,V,1
1351,4,V,1
1351,5,V,1
1352,1,NA,0.5
1352,2,NA,0
1352,3,NA,0
1352,4,NA,NA
1352,5,NA,NA
1353,1,V,0
1353,2,V,0
1353,3,V,0
1353,4,V,0
1353,5,V,0
1354,1,V,0.5
1354,2,V,0.75
1354,3,V,1
1354,4,V,1
1354,5,V,NA
1355,1,S,0
1355,2,S,0
1355,3,S,0
1355,4,S,0
1355,5,S,0
1356,1,SF,0
1356,2,SF,0.25
1356,3,SF,0
1356,4,SF,0
1356,5,SF,NA
1357,1,SF,0
1357,2,SF,NA
1357,3,SF,0.25
1357,4,SF,0.25
1357,5,SF,0.5
1358,1,NA,0
1358,2,NA,0.75
1358,3,NA,0.5
1358,4,NA,0.25
1358,5,NA,0.75
1359,1,C,0.75
1359,2,C,0.5
1359,3,C,1
1359,4,C,0.5
1359,5,C,0.75
1360,1,DF,1
1360,2,DF,NA
1360,3,DF,NA
1360,4,DF,NA
1360,5,DF,NA
1361,1,NA,0.75
1361,2,NA,0.75
1361,3,NA,0.75
1361,4,NA,0.75
1361,5,NA,0.5
1362,1,RV,0.5
1362,2,RV,0.75
1362,3,RV,0.75
1362,4,RV,0.25
1362,5,RV,0.5
1363,1,V,0.25
1363,2,V,0.5
1363,3,V,0.25
1363,4,V,0.25
1363,5,V,0
1364,1,SF,0.75
1364,2,SF,NA
1364,3,SF,NA
1364,4,SF,NA
1364,5,SF,NA
1365,1,NA,0.5
1365,2,NA,1
1365,3,NA,1
1365,4,NA,0.75
1365,5,NA,NA
1366,1,V,0.75
1366,2,V,0.75
1366,3,V,1
1366,4,V,0.75
1366,5,V,NA
1367,1,V,1
1367,2,V,1
1367,3,V,1
1367,4,V,1
1367,5,V,1
1368,1,V,0
1368,2,V,0.5
1368,3,V,0.75
1368,4,V,1
1368,5,V,NA
1369,1,V,0.25
1369,2,V,0.25
1369,3,V,0.5
1369,4,V,0.5
1369,5,V,0.75
1370,1,V,0.5
1370,2,V,0.75
1370,3,V,1
1370,4,V,0.5
1370,5,V,0.75
1371,1,S,0.75
1371,2,S,0.75
1371,3,S,0.75
1371,4,S,0.75
1371,5,S,0.75
1372,1,NA,NA
1372,2,NA,NA
1372,3,NA,NA
1372,4,NA,NA
1372,5,NA,NA
1373,1,SF,0
1373,2,SF,0
1373,3,SF,0
1373,4,SF,0
1373,5,SF,0
1374,1,RV,1
1374,2,RV,0.25
1374,3,RV,0.75
1374,4,RV,NA
1374,5,RV,NA
1375,1,S,0.5
1375,2,S,0.25
1375,3,S,0.5
1375,4,S,0.75
1375,5,S,0
1376,1,OE,0.25
1376,2,OE,0.25
1376,3,OE,0
1376,4,OE,0
1376,5,OE,0.25
1377,1,NA,0.25
1377,2,NA,NA
1377,3,NA,NA
1377,4,NA,NA
1377,5,NA,NA
1378,1,S,0.25
1378,2,S,NA
1378,3,S,NA
1378,4,S,NA
1378,5,S,NA
1379,1,S,1
1379,2,S,NA
1379,3,S,NA
1379,4,S,NA
1379,5,S,NA
1380,1,OE,0.25
1380,2,OE,0.25
1380,3,OE,0
1380,4,OE,0
1380,5,OE,0
1381,1,SF,0
1381,2,SF,NA
1381,3,SF,NA
1381,4,SF,NA
1381,5,SF,0
1382,1,NA,0.75
1382,2,NA,NA
1382,3,NA,NA
1382,4,NA,NA
1382,5,NA,NA
1383,1,DF,0.5
1383,2,DF,NA
1383,3,DF,0.5
1383,4,DF,0.75
1383,5,DF,NA
1384,1,SF,0.5
1384,2,SF,0.5
1384,3,SF,0.75
1384,4,SF,0.5
1384,5,SF,1
1385,1,SF,0.75
1385,2,SF,0.75
1385,3,SF,0.75
1385,4,SF,0.75
1385,5,SF,0.75
1386,1,S,0.25
1386,2,S,NA
1386,3,S,NA
1386,4,S,NA
1386,5,S,NA
1387,1,V,NA
1387,2,V,1
1387,3,V,NA
1387,4,V,NA
1387,5,V,NA
1388,1,S,0.5
1388,2,S,NA
1388,3,S,NA
1388,4,S,NA
1388,5,S,NA
1389,1,S,0.25
1389,2,S,NA
1389,3,S,NA
1389,4,S,0
1389,5,S,0
1390,1,OE,0
1390,2,OE,0
1390,3,OE,0
1390,4,OE,0.25
1390,5,OE,0
1391,1,DF,NA
1391,2,DF,NA
1391,3,DF,NA
1391,4,DF,NA
1391,5,DF,NA
1392,1,SF,0
1392,2,SF,0
1392,3,SF,0
1392,4,SF,0.25
1392,5,SF,0.25
1393,1,C,0.75
1393,2,C,0.75
1393,3,C,1
1393,4,C,1
1393,5,C,1
1394,1,S,0.5
1394,2,S,NA
1394,3,S,NA
1394,4,S,NA
1394,5,S,NA
1395,1,SF,0.5
1395,2,SF,0.25
1395,3,SF,0.25
1395,4,SF,NA
1395,5,SF,NA
1396,1,V,0.5
1396,2,V,0.75
1396,3,V,1
1396,4,V,0.75
1396,5,V,0.75
1397,1,RV,0
1397,2,RV,0
1397,3,RV,0
1397,4,RV,0
1397,5,RV,0
1398,1,S,0
1398,2,S,0
1398,3,S,0
1398,4,S,NA
1398,5,S,NA
1399,1,SF,0
1399,2,SF,0
1399,3,SF,0
1399,4,SF,0
1399,5,SF,0
1400,1,S,0.25
1400,2,S,0.25
1400,3,S,NA
1400,4,S,NA
1400,5,S,NA
1401,1,S,0.75
1401,2,S,0.75
1401,3,S,0
1401,4,S,0.5
1401,5,S,NA
1402,1,V,1
1402,2,V,1
1402,3,V,1
1402,4,V,1
1402,5,V,1
1403,1,SF,0
1403,2,SF,0
1403,3,SF,0
1403,4,SF,0
1403,5,SF,0
1404,1,LA,0
1404,2,LA,0.25
1404,3,LA,0.25
1404,4,LA,0.25
1404,5,LA,NA
1405,1,LA,1
1405,2,LA,1
1405,3,LA,NA
1405,4,LA,NA
1405,5,LA,NA
1406,1,C,0.5
1406,2,C,0.25
1406,3,C,0.75
1406,4,C,0.75
1406,5,C,0.25
1407,1,DF,0.75
1407,2,DF,NA
1407,3,DF,NA
1407,4,DF,NA
1407,5,DF,NA
1408,1,OE,0
1408,2,OE,NA
1408,3,OE,NA
1408,4,OE,0
1408,5,OE,0
1409,1,SF,0
1409,2,SF,0
1409,3,SF,0.5
1409,4,SF,0.25
1409,5,SF,0.75
1410,1,DF,0
1410,2,DF,NA
1410,3,DF,NA
1410,4,DF,NA
1410,5,DF,NA
1411,1,NA,0
1411,2,NA,NA
1411,3,NA,0
1411,4,NA,0
1411,5,NA,NA
1412,1,S,0
1412,2,S,0
1412,3,S,0
1412,4,S,0.25
1412,5,S,0
1413,1,SF,0.5
1413,2,SF,0
1413,3,SF,0.75
1413,4,SF,0.75
1413,5,SF,0
1414,1,SF,0
1414,2,SF,0
1414,3,SF,0
1414,4,SF,0.25
1414,5,SF,NA
1415,1,V,0
1415,2,V,NA
1415,3,V,NA
1415,4,V,NA
1415,5,V,NA
1416,1,S,0
1416,2,S,0
1416,3,S,0
1416,4,S,0
1416,5,S,0.25
1417,1,S,0
1417,2,S,0
1417,3,S,0.5
1417,4,S,0.5
1417,5,S,0
1418,1,OE,0
1418,2,OE,0
1418,3,OE,NA
1418,4,OE,NA
1418,5,OE,NA
1419,1,S,0
1419,2,S,NA
1419,3,S,NA
1419,4,S,NA
1419,5,S,NA
1420,1,C,0
1420,2,C,0.25
1420,3,C,1
1420,4,C,1
1420,5,C,1
1421,1,RV,1
1421,2,RV,NA
1421,3,RV,NA
1421,4,RV,NA
1421,5,RV,NA
1422,1,V,0.75
1422,2,V,0.5
1422,3,V,1
1422,4,V,1
1422,5,V,1
1423,1,NA,0
1423,2,NA,NA
1423,3,NA,NA
1423,4,NA,NA
1423,5,NA,NA
1424,1,SF,0.25
1424,2,SF,NA
1424,3,SF,NA
1424,4,SF,NA
1424,5,SF,NA
1425,1,NA,0.75
1425,2,NA,0.5
1425,3,NA,1
1425,4,NA,0
1425,5,NA,NA
1426,1,S,0
1426,2,S,0
1426,3,S,0
1426,4,S,0.25
1426,5,S,0
1427,1,SF,0
1427,2,SF,NA
1427,3,SF,NA
1427,4,SF,NA
1427,5,SF,NA
1428,1,SF,0
1428,2,SF,0
1428,3,SF,0
1428,4,SF,0
1428,5,SF,0
1429,1,V,1
1429,2,V,NA
1429,3,V,NA
1429,4,V,NA
1429,5,V,NA
1430,1,SF,0.5
1430,2,SF,NA
1430,3,SF,NA
1430,4,SF,NA
1430,5,SF,NA
1431,1,SF,0
1431,2,SF,0
1431,3,SF,0
1431,4,SF,0
1431,5,SF,0
1432,1,DF,0
1432,2,DF,NA
1432,3,DF,NA
1432,4,DF,NA
1432,5,DF,NA
1433,1,S,0
1433,2,S,0
1433,3,S,0
1433,4,S,0
1433,5,S,0
1434,1,V,0.5
1434,2,V,NA
1434,3,V,NA
1434,4,V,NA
1434,5,V,NA
1435,1,V,1
1435,2,V,1
1435,3,V,1
1435,4,V,NA
1435,5,V,1
1436,1,SF,0
1436,2,SF,0
1436,3,SF,0
1436,4,SF,0
1436,5,SF,NA
1437,1,C,1
1437,2,C,1
1437,3,C,1
1437,4,C,1
1437,5,C,1
1438,1,V,1
1438,2,V,NA
1438,3,V,NA
1438,4,V,NA
1438,5,V,NA
1439,1,DF,0.5
1439,2,DF,0.5
1439,3,DF,1
1439,4,DF,0.5
1439,5,DF,1
1440,1,V,0.5
1440,2,V,0.5
1440,3,V,1
1440,4,V,1
1440,5,V,1
1441,1,RV,0.25
1441,2,RV,0.25
1441,3,RV,NA
1441,4,RV,0.25
1441,5,RV,0
1442,1,OE,0
1442,2,OE,0
1442,3,OE,0
1442,4,OE,0
1442,5,OE,0
1443,1,V,NA
1443,2,V,NA
1443,3,V,NA
1443,4,V,NA
1443,5,V,NA
1444,1,C,0.5
1444,2,C,0.75
1444,3,C,1
1444,4,C,0.75
1444,5,C,0.75
1445,1,SF,0.5
1445,2,SF,NA
1445,3,SF,NA
1445,4,SF,NA
1445,5,SF,NA
1446,1,V,1
1446,2,V,1
1446,3,V,1
1446,4,V,1
1446,5,V,1
1447,1,SF,0
1447,2,SF,0
1447,3,SF,0
1447,4,SF,0
1447,5,SF,0
1448,1,SF,0.25
1448,2,SF,0
1448,3,SF,0
1448,4,SF,1
1448,5,SF,0.25
1449,1,S,0.5
1449,2,S,0.5
1449,3,S,0
1449,4,S,0
1449,5,S,0.5
1450,1,S,0.5
1450,2,S,NA
1450,3,S,NA
1450,4,S,NA
1450,5,S,NA
1451,1,C,0.75
1451,2,C,1
1451,3,C,1
1451,4,C,NA
1451,5,C,0.25
1452,1,DF,0
1452,2,DF,0
1452,3,DF,0.25
1452,4,DF,NA
1452,5,DF,0
1453,1,OE,0
1453,2,OE,0
1453,3,OE,0
1453,4,OE,NA
1453,5,OE,NA
1454,1,RV,0.25
1454,2,RV,NA
1454,3,RV,0.5
1454,4,RV,NA
1454,5,RV,NA
1455,1,C,0.5
1455,2,C,NA
1455,3,C,NA
1455,4,C,NA
1455,5,C,NA
1456,1,V,0.25
1456,2,V,NA
1456,3,V,NA
1456,4,V,NA
1456,5,V,NA
1457,1,C,0.25
1457,2,C,0.5
1457,3,C,0.5
1457,4,C,0.25
1457,5,C,0.5
1458,1,V,0.75
1458,2,V,1
1458,3,V,NA
1458,4,V,NA
1458,5,V,1
1459,1,OE,0.25
1459,2,OE,0
1459,3,OE,0.5
1459,4,OE,0.5
1459,5,OE,0.5
1460,1,SF,0.5
1460,2,SF,NA
1460,3,SF,NA
1460,4,SF,NA
1460,5,SF,NA
1461,1,NA,NA
1461,2,NA,0.5
1461,3,NA,NA
1461,4,NA,0.5
1461,5,NA,0.25
1462,1,DF,NA
1462,2,DF,0.25
1462,3,DF,0.25
1462,4,DF,0
1462,5,DF,0
1463,1,NA,0.5
1463,2,NA,0.75
1463,3,NA,0.5
1463,4,NA,0.5
1463,5,NA,0.25
1464,1,C,0.75
1464,2,C,0.75
1464,3,C,0.75
1464,4,C,1
1464,5,C,1
1465,1,S,0.25
1465,2,S,0.5
1465,3,S,0.5
1465,4,S,NA
1465,5,S,NA
1466,1,NA,1
1466,2,NA,NA
1466,3,NA,1
1466,4,NA,0.75
1466,5,NA,1
1467,1,SF,0.5
1467,2,SF,0
1467,3,SF,0.5
1467,4,SF,0.25
1467,5,SF,0.5
1468,1,SF,0
1468,2,SF,0
1468,3,SF,0
1468,4,SF,0
1468,5,SF,0
1469,1,V,0.5
1469,2,V,0.75
1469,3,V,NA
1469,4,V,0.25
1469,5,V,0.75
1470,1,C,0.5
1470,2,C,NA
1470,3,C,NA
1470,4,C,NA
1470,5,C,NA
1471,1,V,0.75
1471,2,V,0.75
1471,3,V,NA
1471,4,V,1
1471,5,V,NA
1472,1,V,0
1472,2,V,NA
1472,3,V,NA
1472,4,V,NA
1472,5,V,NA
1473,1,C,0
1473,2,C,0.25
1473,3,C,0.75
1473,4,C,0.75
1473,5,C,0.25
1474,1,C,1
1474,2,C,0.75
1474,3,C,0.75
1474,4,C,NA
1474,5,C,NA
1475,1,V,0.25
1475,2,V,NA
1475,3,V,NA
1475,4,V,NA
1475,5,V,NA
1476,1,S,0
1476,2,S,NA
1476,3,S,NA
1476,4,S,NA
1476,5,S,NA
1477,1,NA,0
1477,2,NA,0
1477,3,NA,0
1477,4,NA,0
1477,5,NA,0
1478,1,SF,0
1478,2,SF,0
1478,3,SF,0
1478,4,SF,NA
1478,5,SF,0
1479,1,C,0.25
1479,2,C,0
1479,3,C,NA
1479,4,C,0
1479,5,C,0
1480,1,NA,0
1480,2,NA,NA
1480,3,NA,NA
1480,4,NA,NA
1480,5,NA,NA
1481,1,DF,1
1481,2,DF,1
1481,3,DF,1
1481,4,DF,NA
1481,5,DF,0.75
1482,1,S,0.25
1482,2,S,0
1482,3,S,0.75
1482,4,S,0.25
1482,5,S,0.75
1483,1,NA,NA
1483,2,NA,0.25
1483,3,NA,0.5
1483,4,NA,NA
1483,5,NA,NA
1484,1,S,0.5
1484,2,S,NA
1484,3,S,NA
1484,4,S,NA
1484,5,S,NA
1485,1,C,0.75
1485,2,C,0.25
1485,3,C,NA
1485,4,C,0.5
1485,5,C,0.75
1486,1,S,0.25
1486,2,S,NA
1486,3,S,NA
1486,4,S,NA
1486,5,S,NA
1487,1,NA,0.25
1487,2,NA,NA
1487,3,NA,NA
1487,4,NA,NA
1487,5,NA,NA
1488,1,S,1
1488,2,S,1
1488,3,S,NA
1488,4,S,1
1488,5,S,1
1489,1,V,NA
1489,2,V,0.25
1489,3,V,1
1489,4,V,0.75
1489,5,V,0.75
1490,1,SF,0
1490,2,SF,0
1490,3,SF,0
1490,4,SF,0
1490,5,SF,NA
1491,1,SF,0.25
1491,2,SF,0
1491,3,SF,0.25
1491,4,SF,NA
1491,5,SF,0.25
1492,1,S,0
1492,2,S,0
1492,3,S,0
1492,4,S,0
1492,5,S,NA
1493,1,S,0
1493,2,S,0
1493,3,S,0
1493,4,S,0
1493,5,S,0.25
1494,1,S,0
1494,2,S,0
1494,3,S,0
1494,4,S,0
1494,5,S,0
1495,1,NA,0
1495,2,NA,0
1495,3,NA,0
1495,4,NA,0
1495,5,NA,NA
1496,1,NA,1
1496,2,NA,NA
1496,3,NA,NA
1496,4,NA,NA
1496,5,NA,NA
1497,1,DF,0.5
1497,2,DF,0.75
1497,3,DF,1
1497,4,DF,1
1497,5,DF,1
1498,1,S,0
1498,2,S,0
1498,3,S,0
1498,4,S,0
1498,5,S,NA
1499,1,S,0.5
1499,2,S,0.25
1499,3,S,0
1499,4,S,0.75
1499,5,S,0.25
1500,1,NA,0.75
1500,2,NA,NA
1500,3,NA,NA
1500,4,NA,0.25
1500,5,NA,0.75
1501,1,SF,0
1501,2,SF,0
1501,3,SF,0
1501,4,SF,0
1501,5,SF,0
1502,1,V,0
1502,2,V,NA
1502,3,V,NA
1502,4,V,NA
1502,5,V,NA
1503,1,DF,0
1503,2,DF,0
1503,3,DF,NA
1503,4,DF,NA
1503,5,DF,NA
1504,1,NA,0
1504,2,NA,0.75
1504,3,NA,0.5
1504,4,NA,0.5
1504,5,NA,0.75
1505,1,NA,NA
1505,2,NA,NA
1505,3,NA,NA
1505,4,NA,NA
1505,5,NA,NA
1506,1,NA,0.5
1506,2,NA,0.25
1506,3,NA,NA
1506,4,NA,0.75
1506,5,NA,0.75
1507,1,SF,0.25
1507,2,SF,0.75
1507,3,SF,0
1507,4,SF,0.25
1507,5,SF,0
1508,1,SF,0
1508,2,SF,0
1508,3,SF,0
1508,4,SF,0
1508,5,SF,0
1509,1,NA,0
1509,2,NA,NA
1509,3,NA,0
1509,4,NA,NA
1509,5,NA,NA
1510,1,S,0
1510,2,S,NA
1510,3,S,0
1510,4,S,1
1510,5,S,0.5
1511,1,S,0
1511,2,S,0
1511,3,S,0
1511,4,S,0.75
1511,5,S,0
1512,1,V,1
1512,2,V,1
1512,3,V,1
1512,4,V,1
1512,5,V,1
1513,1,S,0
1513,2,S,0
1513,3,S,0.25
1513,4,S,0
1513,5,S,0
1514,1,V,0.5
1514,2,V,0
1514,3,V,1
1514,4,V,1
1514,5,V,NA
1515,1,V,0.75
1515,2,V,NA
1515,3,V,NA
1515,4,V,NA
1515,5,V,NA
1516,1,S,0.5
1516,2,S,0.5
1516,3,S,0.5
1516,4,S,0.25
1516,5,S,0
1517,1,RV,0.5
1517,2,RV,0.5
1517,3,RV,1
1517,4,RV,0.75
1517,5,RV,0.75
1518,1,V,0.25
1518,2,V,0.5
1518,3,V,0.75
1518,4,V,0.5
1518,5,V,0.75
1519,1,V,0.75
1519,2,V,0.75
1519,3,V,NA
1519,4,V,1
1519,5,V,1
1520,1,C,0
1520,2,C,0.25
1520,3,C,NA
1520,4,C,0.75
1520,5,C,1
1521,1,SF,0.75
1521,2,SF,0.75
1521,3,SF,0.75
1521,4,SF,0.75
1521,5,SF,1
1522,1,OE,0
1522,2,OE,0
1522,3,OE,0
1522,4,OE,0
1522,5,OE,0
1523,1,S,0
1523,2,S,0
1523,3,S,0.25
1523,4,S,0
1523,5,S,0
1524,1,V,0
1524,2,V,0
1524,3,V,NA
1524,4,V,NA
1524,5,V,NA
1525,1,C,0.75
1525,2,C,1
1525,3,C,0.75
1525,4,C,0.75
1525,5,C,0.5
1526,1,S,0
1526,2,S,NA
1526,3,S,NA
1526,4,S,NA
1526,5,S,NA
1527,1,V,0.75
1527,2,V,1
1527,3,V,1
1527,4,V,NA
1527,5,V,NA
1528,1,S,0
1528,2,S,0
1528,3,S,0
1528,4,S,0
1528,5,S,0
1529,1,DF,1
1529,2,DF,0.5
1529,3,DF,1
1529,4,DF,NA
1529,5,DF,1
1530,1,S,0
1530,2,S,0
1530,3,S,0.5
1530,4,S,0
1530,5,S,0
1531,1,SF,0
1531,2,SF,NA
1531,3,SF,NA
1531,4,SF,NA
1531,5,SF,NA
1532,1,C,0.75
1532,2,C,0.75
1532,3,C,1
1532,4,C,0.75
1532,5,C,0.75
1533,1,NA,0
1533,2,NA,NA
1533,3,NA,NA
1533,4,NA,NA
1533,5,NA,NA
1534,1,S,0
1534,2,S,0.25
1534,3,S,NA
1534,4,S,0.25
1534,5,S,0
1535,1,S,0.25
1535,2,S,0.25
1535,3,S,NA
1535,4,S,0.5
1535,5,S,0.75
1536,1,NA,0.25
1536,2,NA,0.5
1536,3,NA,0.75
1536,4,NA,0.5
1536,5,NA,0.25
1537,1,SF,0
1537,2,SF,NA
1537,3,SF,NA
1537,4,SF,NA
1537,5,SF,NA
1538,1,DF,0
1538,2,DF,0
1538,3,DF,1
1538,4,DF,1
1538,5,DF,0.75
1539,1,RV,0
1539,2,RV,0.25
1539,3,RV,0.75
1539,4,RV,1
1539,5,RV,NA
1540,1,SF,0
1540,2,SF,0
1540,3,SF,0
1540,4,SF,0.5
1540,5,SF,0
1541,1,DF,0.25
1541,2,DF,NA
1541,3,DF,NA
1541,4,DF,NA
1541,5,DF,NA
1542,1,SF,0
1542,2,SF,0.5
1542,3,SF,0.75
1542,4,SF,0.5
1542,5,SF,0.25
1543,1,V,0
1543,2,V,0
1543,3,V,0.25
1543,4,V,0.75
1543,5,V,0.25
1544,1,S,0
1544,2,S,0
1544,3,S,0.25
1544,4,S,0
1544,5,S,0
1545,1,S,0.25
1545,2,S,0.75
1545,3,S,0.25
1545,4,S,0.5
1545,5,S,0
1546,1,SF,0.25
1546,2,SF,NA
1546,3,SF,0
1546,4,SF,0.25
1546,5,SF,0.25
1547,1,SF,0
1547,2,SF,NA
1547,3,SF,0.5
1547,4,SF,0.75
1547,5,SF,NA
1548,1,DF,0
1548,2,DF,0
1548,3,DF,0
1548,4,DF,0
1548,5,DF,0
1549,1,DF,1
1549,2,DF,NA
1549,3,DF,1
1549,4,DF,1
1549,5,DF,1
1550,1,V,0.75
1550,2,V,0.75
1550,3,V,1
1550,4,V,1
1550,5,V,NA
1551,1,DF,1
1551,2,DF,1
1551,3,DF,1
1551,4,DF,1
1551,5,DF,1
1552,1,RV,0
1552,2,RV,0
1552,3,RV,0.25
1552,4,RV,0
1552,5,RV,0
1553,1,RV,0.5
1553,2,RV,0.5
1553,3,RV,0.25
1553,4,RV,0.5
1553,5,RV,0.75
1554,1,S,0.25
1554,2,S,0.25
1554,3,S,0
1554,4,S,0.25
1554,5,S,0
1555,1,RV,0.5
1555,2,RV,0.25
1555,3,RV,0.5
1555,4,RV,NA
1555,5,RV,1
1556,1,SF,NA
1556,2,SF,0.25
1556,3,SF,0.25
1556,4,SF,0.75
1556,5,SF,0
1557,1,OE,0
1557,2,OE,0
1557,3,OE,0
1557,4,OE,0
1557,5,OE,NA
1558,1,S,0.25
1558,2,S,0.75
1558,3,S,0.25
1558,4,S,0.25
1558,5,S,0.25
1559,1,SF,0
1559,2,SF,0
1559,3,SF,0
1559,4,SF,0
1559,5,SF,NA
1560,1,SF,0.25
1560,2,SF,0.25
1560,3,SF,0.25
1560,4,SF,NA
1560,5,SF,0.25
1561,1,C,0.5
1561,2,C,0.5
1561,3,C,0.5
1561,4,C,0.75
1561,5,C,0.5
1562,1,S,0
1562,2,S,0.5
1562,3,S,0.25
1562,4,S,0.5
1562,5,S,0.5
1563,1,NA,NA
1563,2,NA,NA
1563,3,NA,NA
1563,4,NA,NA
1563,5,NA,NA
1564,1,SF,NA
1564,2,SF,NA
1564,3,SF,0.25
1564,4,SF,NA
1564,5,SF,0.25
1565,1,RV,NA
1565,2,RV,0.5
1565,3,RV,1
1565,4,RV,1
1565,5,RV,0.75
1566,1,C,0.75
1566,2,C,0.75
1566,3,C,1
1566,4,C,NA
1566,5,C,1
1567,1,V,0.5
1567,2,V,1
1567,3,V,1
1567,4,V,NA
1567,5,V,NA
1568,1,V,0.75
1568,2,V,0.5
1568,3,V,NA
1568,4,V,NA
1568,5,V,NA
1569,1,NA,0
1569,2,NA,0
1569,3,NA,0.75
1569,4,NA,0.5
1569,5,NA,0
1570,1,SF,0
1570,2,SF,0
1570,3,SF,0
1570,4,SF,0
1570,5,SF,NA
1571,1,SF,0.75
1571,2,SF,0.5
1571,3,SF,NA
1571,4,SF,1
1571,5,SF,NA
1572,1,S,0
1572,2,S,0
1572,3,S,NA
1572,4,S,NA
1572,5,S,NA
1573,1,S,0.5
1573,2,S,NA
1573,3,S,NA
1573,4,S,NA
1573,5,S,NA
1574,1,S,0.5
1574,2,S,NA
1574,3,S,NA
1574,4,S,NA
1574,5,S,NA
1575,1,SF,0
1575,2,SF,NA
1575,3,SF,NA
1575,4,SF,NA
1575,5,SF,NA
1576,1,V,1
1576,2,V,NA
1576,3,V,1
1576,4,V,1
1576,5,V,1
1577,1,NA,0.5
1577,2,NA,1
1577,3,NA,NA
1577,4,NA,0.25
1577,5,NA,NA
1578,1,C,0.25
1578,2,C,0.75
1578,3,C,0
1578,4,C,0
1578,5,C,0.5
1579,1,S,0
1579,2,S,0.25
1579,3,S,NA
1579,4,S,0
1579,5,S,0
1580,1,SF,0.25
1580,2,SF,NA
1580,3,SF,NA
1580,4,SF,NA
1580,5,SF,0
1581,1,NA,0
1581,2,NA,0
1581,3,NA,0
1581,4,NA,0
1581,5,NA,NA
1582,1,S,0
1582,2,S,NA
1582,3,S,NA
1582,4,S,NA
1582,5,S,NA
1583,1,V,1
1583,2,V,0.75
1583,3,V,NA
1583,4,V,NA
1583,5,V,NA
1584,1,NA,NA
1584,2,NA,NA
1584,3,NA,NA
1584,4,NA,NA
1584,5,NA,NA
1585,1,S,0
1585,2,S,0
1585,3,S,0
1585,4,S,0
1585,5,S,0
1586,1,C,0.5
1586,2,C,0.25
1586,3,C,NA
1586,4,C,NA
1586,5,C,NA
1587,1,S,0.75
1587,2,S,0.5
1587,3,S,0.5
1587,4,S,0.75
1587,5,S,0.5
1588,1,C,0.5
1588,2,C,NA
1588,3,C,NA
1588,4,C,NA
1588,5,C,NA
1589,1,C,0.5
1589,2,C,0.5
1589,3,C,0.75
1589,4,C,1
1589,5,C,0.5
1590,1,RV,1
1590,2,RV,0
1590,3,RV,0.25
1590,4,RV,0.25
1590,5,RV,NA
1591,1,SF,0.75
1591,2,SF,0.75
1591,3,SF,NA
1591,4,SF,0.5
1591,5,SF,NA
1592,1,V,0.75
1592,2,V,0.75
1592,3,V,1
1592,4,V,0.75
1592,5,V,1
1593,1,SF,0.25
1593,2,SF,0
1593,3,SF,0
1593,4,SF,NA
1593,5,SF,0
1594,1,C,0
1594,2,C,NA
1594,3,C,NA
1594,4,C,NA
1594,5,C,NA
1595,1,C,0.75
1595,2,C,1
1595,3,C,1
1595,4,C,0.75
1595,5,C,0.75
1596,1,SF,0
1596,2,SF,NA
1596,3,SF,NA
1596,4,SF,NA
1596,5,SF,NA
1597,1,RV,0.25
1597,2,RV,0.25
1597,3,RV,0.25
1597,4,RV,NA
1597,5,RV,NA
1598,1,S,0
1598,2,S,0
1598,3,S,0
1598,4,S,0
1598,5,S,0
1599,1,SF,0
1599,2,SF,0
1599,3,SF,0
1599,4,SF,0.25
1599,5,SF,0
1600,1,S,NA
1600,2,S,0.5
1600,3,S,0.5
1600,4,S,0.5
1600,5,S,0.5
1601,1,SF,0.75
1601,2,SF,NA
1601,3,SF,NA
1601,4,SF,0
1601,5,SF,NA
1602,1,V,0.5
1602,2,V,1
1602,3,V,NA
1602,4,V,1
1602,5,V,1
1603,1,V,0
1603,2,V,0.5
1603,3,V,0.75
1603,4,V,0.5
1603,5,V,NA
1604,1,SF,0.75
1604,2,SF,NA
1604,3,SF,0.75
1604,4,SF,NA
1604,5,SF,NA
1605,1,V,0.75
1605,2,V,0.75
1605,3,V,1
1605,4,V,0.75
1605,5,V,1
1606,1,V,0.75
1606,2,V,NA
1606,3,V,NA
1606,4,V,0.75
1606,5,V,0.25
1607,1,DF,0
1607,2,DF,NA
1607,3,DF,NA
1607,4,DF,NA
1607,5,DF,NA
1608,1,SF,0
1608,2,SF,0
1608,3,SF,0
1608,4,SF,0
1608,5,SF,0
1609,1,C,0.75
1609,2,C,0.75
1609,3,C,0.75
1609,4,C,0.75
1609,5,C,0.75
1610,1,S,0.5
1610,2,S,1
1610,3,S,0.25
1610,4,S,NA
1610,5,S,NA
1611,1,OE,0.25
1611,2,OE,0.25
1611,3,OE,0.25
1611,4,OE,0.25
1611,5,OE,0
1612,1,S,1
1612,2,S,0.75
1612,3,S,0.75
1612,4,S,1
1612,5,S,0.75
1613,1,S,0.5
1613,2,S,NA
1613,3,S,NA
1613,4,S,NA
1613,5,S,NA
1614,1,S,0.25
1614,2,S,0.25
1614,3,S,0.75
1614,4,S,0
1614,5,S,0
1615,1,S,0
1615,2,S,0
1615,3,S,0
1615,4,S,0
1615,5,S,0
1616,1,SF,0
1616,2,SF,0
1616,3,SF,0
1616,4,SF,0
1616,5,SF,0
1617,1,OE,NA
1617,2,OE,0
1617,3,OE,0
1617,4,OE,0
1617,5,OE,0.25
1618,1,RV,0
1618,2,RV,NA
1618,3,RV,0
1618,4,RV,0
1618,5,RV,0
1619,1,SF,0.5
1619,2,SF,NA
1619,3,SF,NA
1619,4,SF,0.25
1619,5,SF,NA
1620,1,DF,0.75
1620,2,DF,0.5
1620,3,DF,0.5
1620,4,DF,NA
1620,5,DF,NA
1621,1,V,1
1621,2,V,NA
1621,3,V,NA
1621,4,V,NA
1621,5,V,NA
1622,1,NA,0.25
1622,2,NA,NA
1622,3,NA,NA
1622,4,NA,NA
1622,5,NA,NA
1623,1,C,0.75
1623,2,C,NA
1623,3,C,NA
1623,4,C,NA
1623,5,C,NA
1624,1,C,0.75
1624,2,C,0.75
1624,3,C,NA
1624,4,C,1
1624,5,C,1
1625,1,NA,0
1625,2,NA,0.25
1625,3,NA,0.25
1625,4,NA,0.25
1625,5,NA,0.25
1626,1,SF,0.5
1626,2,SF,NA
1626,3,SF,0.5
1626,4,SF,0.5
1626,5,SF,0.5
1627,1,DF,0.25
1627,2,DF,NA
1627,3,DF,NA
1627,4,DF,NA
1627,5,DF,NA
1628,1,SF,0.5
1628,2,SF,NA
1628,3,SF,0.25
1628,4,SF,NA
1628,5,SF,NA
1629,1,S,0.25
1629,2,S,0.75
1629,3,S,0.75
1629,4,S,0.25
1629,5,S,NA
1630,1,NA,0
1630,2,NA,NA
1630,3,NA,NA
1630,4,NA,NA
1630,5,NA,NA
1631,1,SF,0.25
1631,2,SF,NA
1631,3,SF,NA
1631,4,SF,NA
1631,5,SF,NA
1632,1,V,0.75
1632,2,V,0.75
1632,3,V,0.75
1632,4,V,0.75
1632,5,V,NA
1633,1,SF,1
1633,2,SF,0.75
1633,3,SF,NA
1633,4,SF,0.75
1633,5,SF,0.75
1634,1,RV,0.5
1634,2,RV,0.75
1634,3,RV,0.75
1634,4,RV,0.75
1634,5,RV,1
1635,1,C,0
1635,2,C,NA
1635,3,C,NA
1635,4,C,NA
1635,5,C,NA
1636,1,NA,0.75
1636,2,NA,0.5
1636,3,NA,0.5
1636,4,NA,0.75
1636,5,NA,0.25
1637,1,NA,0
1637,2,NA,0.25
1637,3,NA,0.25
1637,4,NA,0
1637,5,NA,0.25
1638,1,NA,0
1638,2,NA,NA
1638,3,NA,NA
1638,4,NA,0
1638,5,NA,NA
1639,1,SF,0.25
1639,2,SF,0
1639,3,SF,0.25
1639,4,SF,0.25
1639,5,SF,NA
1640,1,V,0.75
1640,2,V,0.75
1640,3,V,1
1640,4,V,0.75
1640,5,V,1
1641,1,V,1
1641,2,V,NA
1641,3,V,1
1641,4,V,1
1641,5,V,1
1642,1,V,0.25
1642,2,V,0.5
1642,3,V,0.5
1642,4,V,0.75
1642,5,V,0.5
1643,1,S,0
1643,2,S,NA
1643,3,S,NA
1643,4,S,NA
1643,5,S,NA
1644,1,V,0.75
1644,2,V,NA
1644,3,V,1
1644,4,V,NA
1644,5,V,NA
1645,1,SF,0
1645,2,SF,0
1645,3,SF,0
1645,4,SF,NA
1645,5,SF,NA
1646,1,SF,1
1646,2,SF,1
1646,3,SF,0.75
1646,4,SF,NA
1646,5,SF,NA
1647,1,NA,1
1647,2,NA,NA
1647,3,NA,NA
1647,4,NA,NA
1647,5,NA,NA
1648,1,NA,0
1648,2,NA,0.25
1648,3,NA,0.25
1648,4,NA,0.25
1648,5,NA,0.25
1649,1,SF,0
1649,2,SF,NA
1649,3,SF,NA
1649,4,SF,NA
1649,5,SF,NA
1650,1,V,0.5
1650,2,V,NA
1650,3,V,NA
1650,4,V,NA
1650,5,V,NA
1651,1,SF,0
1651,2,SF,0.25
1651,3,SF,0.5
1651,4,SF,0.25
1651,5,SF,0
1652,1,V,NA
1652,2,V,0.5
1652,3,V,NA
1652,4,V,NA
1652,5,V,NA
1653,1,S,0
1653,2,S,NA
1653,3,S,NA
1653,4,S,NA
1653,5,S,NA
1654,1,V,0.75
1654,2,V,0.75
1654,3,V,1
1654,4,V,0.75
1654,5,V,0.75
1655,1,V,0.25
1655,2,V,NA
1655,3,V,NA
1655,4,V,NA
1655,5,V,0.25
1656,1,V,0
1656,2,V,0
1656,3,V,1
1656,4,V,NA
1656,5,V,NA
1657,1,NA,1
1657,2,NA,1
1657,3,NA,0.25
1657,4,NA,0
1657,5,NA,NA
1658,1,OE,0
1658,2,OE,NA
1658,3,OE,NA
1658,4,OE,NA
1658,5,OE,NA
1659,1,S,0.75
1659,2,S,NA
1659,3,S,NA
1659,4,S,NA
1659,5,S,NA
1660,1,S,0.75
1660,2,S,0.5
1660,3,S,0
1660,4,S,0.25
1660,5,S,0.25
1661,1,C,0.75
1661,2,C,0.25
1661,3,C,0.25
1661,4,C,NA
1661,5,C,0.5
1662,1,C,0.25
1662,2,C,0
1662,3,C,0.5
1662,4,C,0.25
1662,5,C,0
1663,1,V,0.5
1663,2,V,0.75
1663,3,V,1
1663,4,V,1
1663,5,V,1
1664,1,DF,1
1664,2,DF,0.5
1664,3,DF,1
1664,4,DF,1
1664,5,DF,1
1665,1,SF,0
1665,2,SF,NA
1665,3,SF,NA
1665,4,SF,NA
1665,5,SF,NA
1666,1,V,1
1666,2,V,0.25
1666,3,V,NA
1666,4,V,NA
1666,5,V,NA
1667,1,NA,1
1667,2,NA,NA
1667,3,NA,NA
1667,4,NA,NA
1667,5,NA,NA
1668,1,S,0
1668,2,S,0.75
1668,3,S,NA
1668,4,S,0
1668,5,S,NA
1669,1,V,0.75
1669,2,V,NA
1669,3,V,NA
1669,4,V,NA
1669,5,V,NA
1670,1,V,0.25
1670,2,V,0.25
1670,3,V,0.25
1670,4,V,0.25
1670,5,V,NA
1671,1,NA,0
1671,2,NA,NA
1671,3,NA,NA
1671,4,NA,NA
1671,5,NA,NA
1672,1,SF,0
1672,2,SF,0
1672,3,SF,0
1672,4,SF,0
1672,5,SF,0
1673,1,Kr,0.5
1673,2,Kr,0.25
1673,3,Kr,0.75
1673,4,Kr,0.75
1673,5,Kr,0.25
1674,1,S,0
1674,2,S,0.5
1674,3,S,0
1674,4,S,0.25
1674,5,S,0
1675,1,S,0.25
1675,2,S,0
1675,3,S,0
1675,4,S,0
1675,5,S,0
1676,1,SF,0.75
1676,2,SF,0.25
1676,3,SF,0
1676,4,SF,1
1676,5,SF,0
1677,1,SF,1
1677,2,SF,1
1677,3,SF,1
1677,4,SF,0.75
1677,5,SF,1
1678,1,DF,0.75
1678,2,DF,0.75
1678,3,DF,1
1678,4,DF,0.75
1678,5,DF,0.75
1679,1,OE,0.25
1679,2,OE,0
1679,3,OE,NA
1679,4,OE,0.25
1679,5,OE,0
1680,1,S,0.75
1680,2,S,NA
1680,3,S,NA
1680,4,S,NA
1680,5,S,NA
1681,1,V,0
1681,2,V,0.25
1681,3,V,0.25
1681,4,V,0.25
1681,5,V,0.25
1682,1,S,0
1682,2,S,NA
1682,3,S,NA
1682,4,S,NA
1682,5,S,NA
1683,1,SF,0.5
1683,2,SF,0.75
1683,3,SF,NA
1683,4,SF,0
1683,5,SF,NA
1684,1,S,0
1684,2,S,NA
1684,3,S,0
1684,4,S,NA
1684,5,S,0
1685,1,NA,0.5
1685,2,NA,NA
1685,3,NA,NA
1685,4,NA,NA
1685,5,NA,NA
1686,1,NA,0.25
1686,2,NA,NA
1686,3,NA,0.25
1686,4,NA,NA
1686,5,NA,0.25
1687,1,V,0
1687,2,V,NA
1687,3,V,NA
1687,4,V,0
1687,5,V,0
1688,1,SF,0.25
1688,2,SF,1
1688,3,SF,NA
1688,4,SF,0.75
1688,5,SF,0.25
1689,1,NA,1
1689,2,NA,NA
1689,3,NA,0.25
1689,4,NA,NA
1689,5,NA,NA
1690,1,S,0
1690,2,S,0
1690,3,S,0
1690,4,S,0
1690,5,S,NA
1691,1,SF,0
1691,2,SF,NA
1691,3,SF,0
1691,4,SF,NA
1691,5,SF,NA
1692,1,S,0
1692,2,S,0
1692,3,S,0
1692,4,S,0
1692,5,S,0
1693,1,DF,0
1693,2,DF,0
1693,3,DF,1
1693,4,DF,0
1693,5,DF,NA
1694,1,OE,0.25
1694,2,OE,NA
1694,3,OE,NA
1694,4,OE,NA
1694,5,OE,NA
1695,1,V,0
1695,2,V,0.5
1695,3,V,1
1695,4,V,NA
1695,5,V,NA
1696,1,C,0.25
1696,2,C,0.25
1696,3,C,0.25
1696,4,C,0
1696,5,C,0.25
1697,1,C,1
1697,2,C,1
1697,3,C,1
1697,4,C,NA
1697,5,C,1
1698,1,SF,0.75
1698,2,SF,0.75
1698,3,SF,0.75
1698,4,SF,0.75
1698,5,SF,0.25
1699,1,V,0.75
1699,2,V,NA
1699,3,V,1
1699,4,V,1
1699,5,V,NA
1700,1,C,0
1700,2,C,0
1700,3,C,0
1700,4,C,NA
1700,5,C,NA
1701,1,DF,1
1701,2,DF,NA
1701,3,DF,NA
1701,4,DF,NA
1701,5,DF,NA
1702,1,S,0.25
1702,2,S,NA
1702,3,S,0
1702,4,S,0.25
1702,5,S,NA
1703,1,C,0.25
1703,2,C,0
1703,3,C,0
1703,4,C,0.25
1703,5,C,NA
1704,1,V,0.25
1704,2,V,0.75
1704,3,V,1
1704,4,V,1
1704,5,V,1
1705,1,NA,0.5
1705,2,NA,0
1705,3,NA,0
1705,4,NA,0
1705,5,NA,0
1706,1,SF,0
1706,2,SF,NA
1706,3,SF,NA
1706,4,SF,NA
1706,5,SF,NA
1707,1,OE,0
1707,2,OE,0
1707,3,OE,0
1707,4,OE,0
1707,5,OE,0
1708,1,V,0.5
1708,2,V,NA
1708,3,V,NA
1708,4,V,NA
1708,5,V,NA
1709,1,NA,0.25
1709,2,NA,0.5
1709,3,NA,0.25
1709,4,NA,0
1709,5,NA,0
1710,1,S,0
1710,2,S,NA
1710,3,S,NA
1710,4,S,0
1710,5,S,0
1711,1,SF,0
1711,2,SF,NA
1711,3,SF,NA
1711,4,SF,NA
1711,5,SF,NA
1712,1,SF,0
1712,2,SF,0
1712,3,SF,0
1712,4,SF,0
1712,5,SF,0
1713,1,V,1
1713,2,V,0.75
1713,3,V,NA
1713,4,V,NA
1713,5,V,NA
1714,1,C,0.5
1714,2,C,1
1714,3,C,1
1714,4,C,1
1714,5,C,1
1715,1,V,NA
1715,2,V,0.75
1715,3,V,NA
1715,4,V,1
1715,5,V,NA
1716,1,V,0.75
1716,2,V,0.75
1716,3,V,0.75
1716,4,V,0.75
1716,5,V,0.25
1717,1,V,0.25
1717,2,V,0
1717,3,V,1
1717,4,V,0.75
1717,5,V,0.75
1718,1,C,0.25
1718,2,C,0
1718,3,C,0
1718,4,C,0
1718,5,C,0
1719,1,NA,0.5
1719,2,NA,NA
1719,3,NA,NA
1719,4,NA,NA
1719,5,NA,NA
1720,1,V,1
1720,2,V,0.75
1720,3,V,1
1720,4,V,1
1720,5,V,1
1721,1,V,0
1721,2,V,0
1721,3,V,0
1721,4,V,0
1721,5,V,0
1722,1,NA,0
1722,2,NA,0
1722,3,NA,0
1722,4,NA,0
1722,5,NA,0
1723,1,V,1
1723,2,V,NA
1723,3,V,NA
1723,4,V,NA
1723,5,V,NA
1724,1,V,0.25
1724,2,V,0.75
1724,3,V,1
1724,4,V,0.75
1724,5,V,0.75
1725,1,SF,0
1725,2,SF,0
1725,3,SF,0.25
1725,4,SF,0
1725,5,SF,0
1726,1,RV,0.75
1726,2,RV,NA
1726,3,RV,NA
1726,4,RV,NA
1726,5,RV,NA
1727,1,RV,0.75
1727,2,RV,NA
1727,3,RV,NA
1727,4,RV,NA
1727,5,RV,NA
1728,1,V,0.5
1728,2,V,0.5
1728,3,V,0.5
1728,4,V,0.25
1728,5,V,0.5
1729,1,NA,1
1729,2,NA,1
1729,3,NA,1
1729,4,NA,1
1729,5,NA,0.5
1730,1,SF,0.25
1730,2,SF,0.5
1730,3,SF,0.25
1730,4,SF,NA
1730,5,SF,NA
1731,1,V,0.5
1731,2,V,NA
1731,3,V,NA
1731,4,V,NA
1731,5,V,NA
1732,1,OE,0
1732,2,OE,NA
1732,3,OE,NA
1732,4,OE,0.25
1732,5,OE,NA
1733,1,SF,0.25
1733,2,SF,0.5
1733,3,SF,0.5
1733,4,SF,NA
1733,5,SF,NA
1734,1,NA,NA
1734,2,NA,NA
1734,3,NA,NA
1734,4,NA,NA
1734,5,NA,NA
1735,1,NA,0
1735,2,NA,0
1735,3,NA,0.5
1735,4,NA,0.25
1735,5,NA,0.25
1736,1,C,1
1736,2,C,1
1736,3,C,NA
1736,4,C,0.75
1736,5,C,NA
1737,1,SF,0.75
1737,2,SF,0.25
1737,3,SF,0.75
1737,4,SF,0.5
1737,5,SF,0.5
1738,1,V,0
1738,2,V,NA
1738,3,V,NA
1738,4,V,NA
1738,5,V,NA
1739,1,DF,0.75
1739,2,DF,0.5
1739,3,DF,1
1739,4,DF,1
1739,5,DF,0.75
1740,1,NA,0.5
1740,2,NA,0.25
1740,3,NA,0
1740,4,NA,0
1740,5,NA,NA
1741,1,C,0.75
1741,2,C,0.75
1741,3,C,1
1741,4,C,1
1741,5,C,0.75
1742,1,S,0.25
1742,2,S,NA
1742,3,S,NA
1742,4,S,NA
1742,5,S,NA
1743,1,SF,0.5
1743,2,SF,NA
1743,3,SF,NA
1743,4,SF,NA
1743,5,SF,NA
1744,1,SF,0
1744,2,SF,0
1744,3,SF,NA
1744,4,SF,NA
1744,5,SF,NA
1745,1,V,0
1745,2,V,0
1745,3,V,0
1745,4,V,0.75
1745,5,V,0
1746,1,RV,0.25
1746,2,RV,NA
1746,3,RV,NA
1746,4,RV,NA
1746,5,RV,NA
1747,1,V,1
1747,2,V,NA
1747,3,V,NA
1747,4,V,NA
1747,5,V,NA
1748,1,NA,0.5
1748,2,NA,0.5
1748,3,NA,NA
1748,4,NA,NA
1748,5,NA,NA
1749,1,V,NA
1749,2,V,NA
1749,3,V,NA
1749,4,V,NA
1749,5,V,NA
1750,1,DF,0
1750,2,DF,NA
1750,3,DF,NA
1750,4,DF,0.25
1750,5,DF,0.25
1751,1,NA,0.5
1751,2,NA,NA
1751,3,NA,NA
1751,4,NA,1
1751,5,NA,0.75
1752,1,RV,1
1752,2,RV,NA
1752,3,RV,NA
1752,4,RV,NA
1752,5,RV,NA
1753,1,S,0.25
1753,2,S,1
1753,3,S,0
1753,4,S,0
1753,5,S,0
1754,1,V,0.25
1754,2,V,0.75
1754,3,V,0.75
1754,4,V,0.5
1754,5,V,0.75
1755,1,S,0
1755,2,S,0
1755,3,S,0
1755,4,S,0
1755,5,S,NA
1756,1,RV,0
1756,2,RV,0
1756,3,RV,0
1756,4,RV,0
1756,5,RV,0
1757,1,S,0
1757,2,S,NA
1757,3,S,NA
1757,4,S,NA
1757,5,S,NA
1758,1,SF,0
1758,2,SF,0
1758,3,SF,0
1758,4,SF,0
1758,5,SF,0
1759,1,C,0
1759,2,C,0
1759,3,C,0
1759,4,C,NA
1759,5,C,NA
1760,1,NA,1
1760,2,NA,1
1760,3,NA,0.75
1760,4,NA,1
1760,5,NA,0.75
1761,1,V,0.75
1761,2,V,NA
1761,3,V,NA
1761,4,V,NA
1761,5,V,NA
1762,1,SF,0.75
1762,2,SF,0
1762,3,SF,NA
1762,4,SF,0
1762,5,SF,0
1763,1,DF,0
1763,2,DF,NA
1763,3,DF,NA
1763,4,DF,NA
1763,5,DF,NA
1764,1,NA,1
1764,2,NA,0.75
1764,3,NA,0.75
1764,4,NA,1
1764,5,NA,1
1765,1,S,0.5
1765,2,S,0.75
1765,3,S,0.25
1765,4,S,0.75
1765,5,S,0.25
1766,1,V,1
1766,2,V,1
1766,3,V,1
1766,4,V,1
1766,5,V,NA
1767,1,NA,0.75
1767,2,NA,0.75
1767,3,NA,0.25
1767,4,NA,NA
1767,5,NA,NA
1768,1,NA,0
1768,2,NA,0
1768,3,NA,0
1768,4,NA,0
1768,5,NA,0
1769,1,S,0.25
1769,2,S,NA
1769,3,S,0.25
1769,4,S,NA
1769,5,S,0.25
1770,1,C,NA
1770,2,C,NA
1770,3,C,0.75
1770,4,C,0.75
1770,5,C,0.5
1771,1,DF,1
1771,2,DF,1
1771,3,DF,1
1771,4,DF,1
1771,5,DF,0.75
1772,1,V,0.5
1772,2,V,0.5
1772,3,V,NA
1772,4,V,0
1772,5,V,NA
1773,1,C,NA
1773,2,C,0.5
1773,3,C,0.25
1773,4,C,NA
1773,5,C,NA
1774,1,C,1
1774,2,C,1
1774,3,C,1
1774,4,C,1
1774,5,C,1
1775,1,V,0.75
1775,2,V,NA
1775,3,V,NA
1775,4,V,NA
1775,5,V,NA
1776,1,RV,0.75
1776,2,RV,0.75
1776,3,RV,NA
1776,4,RV,NA
1776,5,RV,NA
1777,1,DF,0.75
1777,2,DF,1
1777,3,DF,1
1777,4,DF,1
1777,5,DF,1
1778,1,V,0.25
1778,2,V,0.75
1778,3,V,NA
1778,4,V,0
1778,5,V,NA
1779,1,NA,0.25
1779,2,NA,0.25
1779,3,NA,0.75
1779,4,NA,NA
1779,5,NA,0.25
1780,1,SF,0.5
1780,2,SF,NA
1780,3,SF,NA
1780,4,SF,NA
1780,5,SF,NA
1781,1,DF,0.25
1781,2,DF,NA
1781,3,DF,NA
1781,4,DF,NA
1781,5,DF,NA
1782,1,C,0.75
1782,2,C,0.75
1782,3,C,1
1782,4,C,0.5
1782,5,C,0.75
1783,1,SF,0
1783,2,SF,0
1783,3,SF,NA
1783,4,SF,0
1783,5,SF,0.25
1784,1,DF,0
1784,2,DF,NA
1784,3,DF,0
1784,4,DF,0
1784,5,DF,0
1785,1,Kr,0.5
1785,2,Kr,0.25
1785,3,Kr,0.25
1785,4,Kr,0.75
1785,5,Kr,0
1786,1,SF,0
1786,2,SF,0
1786,3,SF,0
1786,4,SF,0
1786,5,SF,0
1787,1,Kr,0
1787,2,Kr,0
1787,3,Kr,0
1787,4,Kr,0
1787,5,Kr,0
1788,1,SF,1
1788,2,SF,NA
1788,3,SF,NA
1788,4,SF,0
1788,5,SF,NA
1789,1,V,0.75
1789,2,V,1
1789,3,V,1
1789,4,V,1
1789,5,V,1
1790,1,V,0.25
1790,2,V,NA
1790,3,V,NA
1790,4,V,NA
1790,5,V,NA
1791,1,S,1
1791,2,S,0.5
1791,3,S,NA
1791,4,S,1
1791,5,S,0.75
1792,1,S,1
1792,2,S,NA
1792,3,S,NA
1792,4,S,NA
1792,5,S,NA
1793,1,V,0
1793,2,V,0.75
1793,3,V,1
1793,4,V,0.75
1793,5,V,1
1794,1,S,NA
1794,2,S,0.25
1794,3,S,0
1794,4,S,0
1794,5,S,0.5
1795,1,V,0.25
1795,2,V,NA
1795,3,V,NA
1795,4,V,NA
1795,5,V,NA
1796,1,C,0.75
1796,2,C,0.75
1796,3,C,1
1796,4,C,1
1796,5,C,1
1797,1,NA,0
1797,2,NA,0.25
1797,3,NA,0.25
1797,4,NA,0
1797,5,NA,0
1798,1,S,0
1798,2,S,0
1798,3,S,0
1798,4,S,NA
1798,5,S,NA
1799,1,S,0
1799,2,S,0
1799,3,S,0
1799,4,S,0
1799,5,S,0
1800,1,S,0.25
1800,2,S,0.25
1800,3,S,0.25
1800,4,S,0.25
1800,5,S,0
1801,1,NA,0.5
1801,2,NA,0.25
1801,3,NA,0.5
1801,4,NA,NA
1801,5,NA,0.5
1802,1,RV,0
1802,2,RV,0
1802,3,RV,0
1802,4,RV,0.25
1802,5,RV,0.25
1803,1,NA,0.25
1803,2,NA,NA
1803,3,NA,NA
1803,4,NA,NA
1803,5,NA,NA
1804,1,SF,0
1804,2,SF,NA
1804,3,SF,NA
1804,4,SF,NA
1804,5,SF,NA
1805,1,SF,0.75
1805,2,SF,0.5
1805,3,SF,NA
1805,4,SF,NA
1805,5,SF,NA
1806,1,NA,0.5
1806,2,NA,0.75
1806,3,NA,1
1806,4,NA,0.25
1806,5,NA,0
1807,1,NA,1
1807,2,NA,1
1807,3,NA,NA
1807,4,NA,NA
1807,5,NA,NA
1808,1,S,0.25
1808,2,S,NA
1808,3,S,NA
1808,4,S,NA
1808,5,S,NA
1809,1,V,0.75
1809,2,V,NA
1809,3,V,NA
1809,4,V,NA
1809,5,V,NA
1810,1,SF,0
1810,2,SF,0
1810,3,SF,0
1810,4,SF,0
1810,5,SF,NA
1811,1,V,0.75
1811,2,V,NA
1811,3,V,NA
1811,4,V,1
1811,5,V,NA
1812,1,V,0.75
1812,2,V,1
1812,3,V,NA
1812,4,V,1
1812,5,V,NA
1813,1,RV,0.75
1813,2,RV,0.75
1813,3,RV,NA
1813,4,RV,NA
1813,5,RV,NA
1814,1,OE,0.75
1814,2,OE,0.75
1814,3,OE,0
1814,4,OE,0.25
1814,5,OE,0
1815,1,NA,0
1815,2,NA,0
1815,3,NA,0
1815,4,NA,0
1815,5,NA,NA
1816,1,SF,0.5
1816,2,SF,0.75
1816,3,SF,0.5
1816,4,SF,0.5
1816,5,SF,0.75
1817,1,S,0.75
1817,2,S,0.75
1817,3,S,0.25
1817,4,S,0.75
1817,5,S,0.75
1818,1,SF,0
1818,2,SF,0
1818,3,SF,NA
1818,4,SF,0
1818,5,SF,NA
1819,1,DF,NA
1819,2,DF,NA
1819,3,DF,NA
1819,4,DF,NA
1819,5,DF,NA
1820,1,NA,0.75
1820,2,NA,NA
1820,3,NA,NA
1820,4,NA,NA
1820,5,NA,NA
1821,1,DF,0
1821,2,DF,0.75
1821,3,DF,0.75
1821,4,DF,0
1821,5,DF,NA
1822,1,C,1
1822,2,C,1
1822,3,C,1
1822,4,C,1
1822,5,C,1
1823,1,V,1
1823,2,V,1
1823,3,V,1
1823,4,V,NA
1823,5,V,NA
1824,1,NA,0.25
1824,2,NA,0
1824,3,NA,0
1824,4,NA,0
1824,5,NA,0
1825,1,C,0.25
1825,2,C,0.5
1825,3,C,1
1825,4,C,NA
1825,5,C,NA
1826,1,V,0.5
1826,2,V,0.5
1826,3,V,0.75
1826,4,V,NA
1826,5,V,NA
1827,1,SF,0.25
1827,2,SF,0.25
1827,3,SF,0
1827,4,SF,0.25
1827,5,SF,0
1828,1,C,0
1828,2,C,0.25
1828,3,C,1
1828,4,C,0.75
1828,5,C,0.5
1829,1,V,0
1829,2,V,NA
1829,3,V,NA
1829,4,V,NA
1829,5,V,NA
1830,1,V,1
1830,2,V,1
1830,3,V,1
1830,4,V,0.25
1830,5,V,NA
1831,1,S,0
1831,2,S,0
1831,3,S,0
1831,4,S,0.25
1831,5,S,0
1832,1,S,0.75
1832,2,S,0.25
1832,3,S,0
1832,4,S,1
1832,5,S,0
1833,1,C,0.75
1833,2,C,NA
1833,3,C,NA
1833,4,C,0.75
1833,5,C,NA
1834,1,S,0
1834,2,S,NA
1834,3,S,NA
1834,4,S,NA
1834,5,S,0
1835,1,C,NA
1835,2,C,NA
1835,3,C,NA
1835,4,C,NA
1835,5,C,NA
1836,1,OE,0.25
1836,2,OE,0.25
1836,3,OE,0.25
1836,4,OE,0
1836,5,OE,0
1837,1,OE,0
1837,2,OE,0
1837,3,OE,0
1837,4,OE,0
1837,5,OE,0
1838,1,V,0.75
1838,2,V,0.75
1838,3,V,NA
1838,4,V,NA
1838,5,V,NA
1839,1,V,0
1839,2,V,0.25
1839,3,V,0.5
1839,4,V,NA
1839,5,V,NA
1840,1,SF,0
1840,2,SF,0
1840,3,SF,0
1840,4,SF,0
1840,5,SF,0.25
1841,1,NA,0.5
1841,2,NA,NA
1841,3,NA,0
1841,4,NA,0
1841,5,NA,NA
1842,1,SF,0.25
1842,2,SF,NA
1842,3,SF,0.75
1842,4,SF,0.25
1842,5,SF,0.25
1843,1,S,0
1843,2,S,NA
1843,3,S,0.5
1843,4,S,NA
1843,5,S,NA
1844,1,LA,1
1844,2,LA,0.75
1844,3,LA,0.75
1844,4,LA,1
1844,5,LA,1
1845,1,SF,0
1845,2,SF,NA
1845,3,SF,NA
1845,4,SF,NA
1845,5,SF,NA
1846,1,OE,1
1846,2,OE,0.25
1846,3,OE,0.5
1846,4,OE,0
1846,5,OE,0
1847,1,Kr,0.5
1847,2,Kr,0.75
1847,3,Kr,0.75
1847,4,Kr,0.75
1847,5,Kr,0.75
1848,1,OE,0
1848,2,OE,0
1848,3,OE,0
1848,4,OE,0
1848,5,OE,NA
1849,1,C,0.75
1849,2,C,NA
1849,3,C,0.75
1849,4,C,0.75
1849,5,C,1
1850,1,V,0.5
1850,2,V,0.25
1850,3,V,NA
1850,4,V,0
1850,5,V,0.25
1851,1,V,0
1851,2,V,NA
1851,3,V,0.25
1851,4,V,0
1851,5,V,NA
1852,1,SF,0
1852,2,SF,NA
1852,3,SF,NA
1852,4,SF,NA
1852,5,SF,NA
1853,1,S,0
1853,2,S,NA
1853,3,S,NA
1853,4,S,NA
1853,5,S,NA
1854,1,RV,0.5
1854,2,RV,0.5
1854,3,RV,0.75
1854,4,RV,0.5
1854,5,RV,0.75
1855,1,V,0.75
1855,2,V,1
1855,3,V,1
1855,4,V,1
1855,5,V,0.75
1856,1,C,0.75
1856,2,C,NA
1856,3,C,NA
1856,4,C,NA
1856,5,C,NA
1857,1,S,0.5
1857,2,S,NA
1857,3,S,NA
1857,4,S,0.25
1857,5,S,NA
1858,1,V,0.25
1858,2,V,NA
1858,3,V,NA
1858,4,V,NA
1858,5,V,NA
1859,1,S,0
1859,2,S,0
1859,3,S,0
1859,4,S,0
1859,5,S,0
1860,1,OE,0.25
1860,2,OE,0.25
1860,3,OE,1
1860,4,OE,0.25
1860,5,OE,NA
1861,1,SF,0
1861,2,SF,NA
1861,3,SF,NA
1861,4,SF,NA
1861,5,SF,NA
1862,1,V,0.5
1862,2,V,NA
1862,3,V,NA
1862,4,V,NA
1862,5,V,NA
1863,1,V,0.75
1863,2,V,0.75
1863,3,V,NA
1863,4,V,NA
1863,5,V,NA
1864,1,C,1
1864,2,C,1
1864,3,C,1
1864,4,C,NA
1864,5,C,NA
1865,1,DF,0.25
1865,2,DF,0
1865,3,DF,0.5
1865,4,DF,NA
1865,5,DF,NA
1866,1,S,0
1866,2,S,0
1866,3,S,0
1866,4,S,0
1866,5,S,0
1867,1,DF,0.5
1867,2,DF,NA
1867,3,DF,NA
1867,4,DF,NA
1867,5,DF,NA
1868,1,V,0.5
1868,2,V,0.25
1868,3,V,NA
1868,4,V,0.75
1868,5,V,0.5
1869,1,DF,0
1869,2,DF,0
1869,3,DF,0
1869,4,DF,0
1869,5,DF,0
1870,1,V,1
1870,2,V,0.75
1870,3,V,1
1870,4,V,0.75
1870,5,V,NA
1871,1,NA,0.75
1871,2,NA,0.25
1871,3,NA,0.75
1871,4,NA,0.25
1871,5,NA,0.5
1872,1,SF,0.75
1872,2,SF,0.75
1872,3,SF,1
1872,4,SF,NA
1872,5,SF,0.25
1873,1,V,1
1873,2,V,0.75
1873,3,V,1
1873,4,V,1
1873,5,V,NA
1874,1,V,0
1874,2,V,0
1874,3,V,0
1874,4,V,NA
1874,5,V,NA
1875,1,SF,0.25
1875,2,SF,NA
1875,3,SF,NA
1875,4,SF,NA
1875,5,SF,NA
1876,1,V,0.25
1876,2,V,NA
1876,3,V,NA
1876,4,V,0.75
1876,5,V,NA
1877,1,SF,0.25
1877,2,SF,0.25
1877,3,SF,0.25
1877,4,SF,0.25
1877,5,SF,0.25
1878,1,NA,0
1878,2,NA,0.25
1878,3,NA,0.5
1878,4,NA,0
1878,5,NA,0
1879,1,S,0.75
1879,2,S,NA
1879,3,S,NA
1879,4,S,0.75
1879,5,S,0.75
1880,1,C,0.5
1880,2,C,NA
1880,3,C,NA
1880,4,C,NA
1880,5,C,NA
1881,1,V,1
1881,2,V,1
1881,3,V,NA
1881,4,V,1
1881,5,V,1
1882,1,C,0.25
1882,2,C,0.25
1882,3,C,0.25
1882,4,C,0.25
1882,5,C,0.25
1883,1,DF,0.25
1883,2,DF,NA
1883,3,DF,NA
1883,4,DF,NA
1883,5,DF,NA
1884,1,V,0.75
1884,2,V,NA
1884,3,V,NA
1884,4,V,NA
1884,5,V,NA
1885,1,SF,0
1885,2,SF,NA
1885,3,SF,NA
1885,4,SF,NA
1885,5,SF,NA
1886,1,NA,0
1886,2,NA,0
1886,3,NA,0.25
1886,4,NA,0.25
1886,5,NA,0
1887,1,C,1
1887,2,C,0.75
1887,3,C,0
1887,4,C,0
1887,5,C,NA
1888,1,SF,0
1888,2,SF,0
1888,3,SF,0
1888,4,SF,0
1888,5,SF,0
1889,1,C,0
1889,2,C,0
1889,3,C,0
1889,4,C,0.5
1889,5,C,0.25
1890,1,V,0.25
1890,2,V,0.25
1890,3,V,0.5
1890,4,V,NA
1890,5,V,NA
1891,1,S,0.25
1891,2,S,0.75
1891,3,S,0
1891,4,S,0
1891,5,S,0.25
1892,1,DF,0
1892,2,DF,1
1892,3,DF,0
1892,4,DF,0
1892,5,DF,0
1893,1,S,0.25
1893,2,S,NA
1893,3,S,NA
1893,4,S,NA
1893,5,S,NA
1894,1,NA,1
1894,2,NA,NA
1894,3,NA,NA
1894,4,NA,NA
1894,5,NA,NA
1895,1,S,0.25
1895,2,S,NA
1895,3,S,NA
1895,4,S,NA
1895,5,S,NA
1896,1,S,0.5
1896,2,S,NA
1896,3,S,NA
1896,4,S,NA
1896,5,S,NA
1897,1,RV,0.5
1897,2,RV,0.5
1897,3,RV,0
1897,4,RV,1
1897,5,RV,1
1898,1,SF,0
1898,2,SF,0
1898,3,SF,0
1898,4,SF,0
1898,5,SF,0
1899,1,DF,0
1899,2,DF,NA
1899,3,DF,NA
1899,4,DF,NA
1899,5,DF,NA
1900,1,NA,0.75
1900,2,NA,0.75
1900,3,NA,1
1900,4,NA,0.75
1900,5,NA,0.75
1901,1,NA,0.75
1901,2,NA,0.75
1901,3,NA,0.75
1901,4,NA,1
1901,5,NA,1
1902,1,V,0.75
1902,2,V,0.75
1902,3,V,1
1902,4,V,0.75
1902,5,V,0.75
1903,1,SF,0.25
1903,2,SF,0.25
1903,3,SF,0
1903,4,SF,0
1903,5,SF,0.25
1904,1,NA,0.5
1904,2,NA,NA
1904,3,NA,1
1904,4,NA,0.75
1904,5,NA,NA
1905,1,SF,0
1905,2,SF,NA
1905,3,SF,NA
1905,4,SF,NA
1905,5,SF,NA
1906,1,V,0
1906,2,V,NA
1906,3,V,NA
1906,4,V,NA
1906,5,V,NA
1907,1,S,0.75
1907,2,S,0.75
1907,3,S,0
1907,4,S,0
1907,5,S,0
1908,1,NA,0.25
1908,2,NA,NA
1908,3,NA,0
1908,4,NA,0
1908,5,NA,0
1909,1,S,0.75
1909,2,S,0.75
1909,3,S,0.75
1909,4,S,NA
1909,5,S,NA
1910,1,SF,0.25
1910,2,SF,NA
1910,3,SF,NA
1910,4,SF,NA
1910,5,SF,NA
1911,1,V,0.75
1911,2,V,1
1911,3,V,1
1911,4,V,1
1911,5,V,0.75
1912,1,NA,0
1912,2,NA,NA
1912,3,NA,NA
1912,4,NA,NA
1912,5,NA,NA
1913,1,SF,0.25
1913,2,SF,0.25
1913,3,SF,0.25
1913,4,SF,0.25
1913,5,SF,NA
1914,1,C,0
1914,2,C,NA
1914,3,C,NA
1914,4,C,0.25
1914,5,C,0.75
1915,1,S,0.5
1915,2,S,NA
1915,3,S,NA
1915,4,S,0
1915,5,S,NA
1916,1,SF,0
1916,2,SF,0
1916,3,SF,0
1916,4,SF,0.25
1916,5,SF,NA
1917,1,S,0
1917,2,S,0
1917,3,S,NA
1917,4,S,NA
1917,5,S,NA
1918,1,C,0
1918,2,C,NA
1918,3,C,NA
1918,4,C,NA
1918,5,C,NA
1919,1,SF,1
1919,2,SF,0.25
1919,3,SF,NA
1919,4,SF,NA
1919,5,SF,NA
1920,1,SF,0.5
1920,2,SF,NA
1920,3,SF,NA
1920,4,SF,NA
1920,5,SF,NA
1921,1,S,0
1921,2,S,NA
1921,3,S,NA
1921,4,S,NA
1921,5,S,NA
1922,1,S,0.25
1922,2,S,0.5
1922,3,S,NA
1922,4,S,0.5
1922,5,S,0.5
1923,1,SF,0
1923,2,SF,0
1923,3,SF,0
1923,4,SF,0
1923,5,SF,0
1924,1,SF,0.5
1924,2,SF,0.75
1924,3,SF,0.75
1924,4,SF,0.75
1924,5,SF,0.5
1925,1,RV,0
1925,2,RV,0
1925,3,RV,0.25
1925,4,RV,0
1925,5,RV,0
1926,1,DF,0
1926,2,DF,0
1926,3,DF,0
1926,4,DF,NA
1926,5,DF,NA
1927,1,V,0
1927,2,V,0
1927,3,V,0
1927,4,V,0
1927,5,V,0
1928,1,S,1
1928,2,S,1
1928,3,S,0.75
1928,4,S,1
1928,5,S,1
1929,1,V,0.5
1929,2,V,0.5
1929,3,V,NA
1929,4,V,NA
1929,5,V,NA
1930,1,SF,0.25
1930,2,SF,NA
1930,3,SF,NA
1930,4,SF,NA
1930,5,SF,NA
1931,1,S,0
1931,2,S,NA
1931,3,S,0
1931,4,S,NA
1931,5,S,0
1932,1,C,0.25
1932,2,C,0.5
1932,3,C,0.75
1932,4,C,NA
1932,5,C,NA
1933,1,SF,0
1933,2,SF,0.25
1933,3,SF,0.5
1933,4,SF,0.25
1933,5,SF,0
1934,1,DF,0
1934,2,DF,NA
1934,3,DF,NA
1934,4,DF,NA
1934,5,DF,NA
1935,1,NA,0.25
1935,2,NA,0.5
1935,3,NA,0.25
1935,4,NA,0.25
1935,5,NA,0.25
1936,1,OE,0
1936,2,OE,0
1936,3,OE,NA
1936,4,OE,0
1936,5,OE,0
1937,1,V,0.75
1937,2,V,0.75
1937,3,V,1
1937,4,V,0.75
1937,5,V,0.75
1938,1,V,0.5
1938,2,V,1
1938,3,V,1
1938,4,V,0.75
1938,5,V,1
1939,1,SF,0.75
1939,2,SF,0.75
1939,3,SF,0.25
1939,4,SF,0.25
1939,5,SF,0.5
1940,1,S,0
1940,2,S,NA
1940,3,S,NA
1940,4,S,NA
1940,5,S,NA
1941,1,V,0.25
1941,2,V,0.75
1941,3,V,1
1941,4,V,0.75
1941,5,V,0.75
1942,1,S,0.75
1942,2,S,1
1942,3,S,NA
1942,4,S,NA
1942,5,S,0.25
1943,1,V,0
1943,2,V,0
1943,3,V,0.25
1943,4,V,0
1943,5,V,NA
1944,1,S,0
1944,2,S,0
1944,3,S,0
1944,4,S,0
1944,5,S,0
1945,1,V,1
1945,2,V,1
1945,3,V,1
1945,4,V,1
1945,5,V,NA
1946,1,NA,0.75
1946,2,NA,NA
1946,3,NA,NA
1946,4,NA,NA
1946,5,NA,1
1947,1,DF,1
1947,2,DF,NA
1947,3,DF,NA
1947,4,DF,NA
1947,5,DF,NA
1948,1,DF,1
1948,2,DF,1
1948,3,DF,NA
1948,4,DF,1
1948,5,DF,0.75
1949,1,S,0
1949,2,S,0.25
1949,3,S,0
1949,4,S,NA
1949,5,S,NA
1950,1,S,0.5
1950,2,S,0
1950,3,S,0
1950,4,S,0
1950,5,S,0.25
1951,1,V,0.25
1951,2,V,0
1951,3,V,0.75
1951,4,V,0.5
1951,5,V,0.25
1952,1,C,1
1952,2,C,NA
1952,3,C,NA
1952,4,C,NA
1952,5,C,NA
1953,1,C,0.25
1953,2,C,0.5
1953,3,C,NA
1953,4,C,0
1953,5,C,0
1954,1,SF,0
1954,2,SF,NA
1954,3,SF,NA
1954,4,SF,NA
1954,5,SF,NA
1955,1,SF,0
1955,2,SF,NA
1955,3,SF,NA
1955,4,SF,NA
1955,5,SF,NA
1956,1,NA,1
1956,2,NA,NA
1956,3,NA,NA
1956,4,NA,NA
1956,5,NA,NA
1957,1,C,0.75
1957,2,C,0.75
1957,3,C,0.25
1957,4,C,0.75
1957,5,C,0.75
1958,1,V,0.75
1958,2,V,0.5
1958,3,V,0
1958,4,V,0.25
1958,5,V,0.25
1959,1,NA,0.25
1959,2,NA,0
1959,3,NA,0.25
1959,4,NA,0.25
1959,5,NA,NA
1960,1,DF,0.25
1960,2,DF,0.25
1960,3,DF,1
1960,4,DF,0.75
1960,5,DF,0.25
1961,1,C,0.25
1961,2,C,0.5
1961,3,C,1
1961,4,C,0.75
1961,5,C,1
1962,1,V,0.75
1962,2,V,1
1962,3,V,1
1962,4,V,1
1962,5,V,NA
1963,1,SF,0.5
1963,2,SF,NA
1963,3,SF,NA
1963,4,SF,NA
1963,5,SF,NA
1964,1,Kr,0
1964,2,Kr,0
1964,3,Kr,0
1964,4,Kr,0
1964,5,Kr,0
1965,1,DF,0.75
1965,2,DF,0.75
1965,3,DF,0
1965,4,DF,0
1965,5,DF,0.25
1966,1,V,0
1966,2,V,0
1966,3,V,0
1966,4,V,0
1966,5,V,NA
1967,1,V,0
1967,2,V,0.25
1967,3,V,0.75
1967,4,V,0.25
1967,5,V,0.5
1968,1,S,0
1968,2,S,NA
1968,3,S,NA
1968,4,S,NA
1968,5,S,NA
1969,1,SF,0.75
1969,2,SF,NA
1969,3,SF,NA
1969,4,SF,NA
1969,5,SF,NA
1970,1,V,0.25
1970,2,V,0.75
1970,3,V,0.75
1970,4,V,0
1970,5,V,0
1971,1,S,0
1971,2,S,NA
1971,3,S,NA
1971,4,S,NA
1971,5,S,NA
1972,1,V,0.75
1972,2,V,NA
1972,3,V,NA
1972,4,V,NA
1972,5,V,NA
1973,1,SF,0
1973,2,SF,0
1973,3,SF,0
1973,4,SF,0
1973,5,SF,NA
1974,1,SF,1
1974,2,SF,1
1974,3,SF,0.25
1974,4,SF,0.75
1974,5,SF,0.25
1975,1,S,0
1975,2,S,NA
1975,3,S,NA
1975,4,S,NA
1975,5,S,NA
1976,1,DF,0
1976,2,DF,0
1976,3,DF,0
1976,4,DF,0
1976,5,DF,0
1977,1,V,0
1977,2,V,0
1977,3,V,NA
1977,4,V,NA
1977,5,V,NA
1978,1,DF,0.5
1978,2,DF,NA
1978,3,DF,NA
1978,4,DF,1
1978,5,DF,NA
1979,1,NA,0.5
1979,2,NA,NA
1979,3,NA,NA
1979,4,NA,NA
1979,5,NA,NA
1980,1,V,0
1980,2,V,NA
1980,3,V,0
1980,4,V,0
1980,5,V,0
1981,1,NA,1
1981,2,NA,NA
1981,3,NA,NA
1981,4,NA,NA
1981,5,NA,NA
1982,1,SF,0
1982,2,SF,0.25
1982,3,SF,0
1982,4,SF,NA
1982,5,SF,0.25
1983,1,SF,0.5
1983,2,SF,0.75
1983,3,SF,NA
1983,4,SF,0.25
1983,5,SF,0
1984,1,DF,NA
1984,2,DF,NA
1984,3,DF,NA
1984,4,DF,0.25
1984,5,DF,0.25
1985,1,C,0.75
1985,2,C,1
1985,3,C,1
1985,4,C,1
1985,5,C,0.75
1986,1,V,0.75
1986,2,V,0.75
1986,3,V,0.5
1986,4,V,NA
1986,5,V,NA
1987,1,SF,0.5
1987,2,SF,0.75
1987,3,SF,0.75
1987,4,SF,0.75
1987,5,SF,0.75
1988,1,S,0.75
1988,2,S,0.75
1988,3,S,0.75
1988,4,S,0.75
1988,5,S,0.75
1989,1,RV,0.75
1989,2,RV,1
1989,3,RV,0.75
1989,4,RV,0.75
1989,5,RV,0.25
1990,1,V,0.75
1990,2,V,NA
1990,3,V,NA
1990,4,V,NA
1990,5,V,NA
1991,1,SF,NA
1991,2,SF,0
1991,3,SF,0
1991,4,SF,0
1991,5,SF,NA
1992,1,NA,0.5
1992,2,NA,NA
1992,3,NA,NA
1992,4,NA,NA
1992,5,NA,NA
1993,1,V,0.5
1993,2,V,0.75
1993,3,V,1
1993,4,V,0.75
1993,5,V,0.5
1994,1,NA,NA
1994,2,NA,NA
1994,3,NA,NA
1994,4,NA,NA
1994,5,NA,NA
1995,1,V,1
1995,2,V,0.75
1995,3,V,0.75
1995,4,V,1
1995,5,V,0.5
1996,1,V,1
1996,2,V,0.75
1996,3,V,1
1996,4,V,1
1996,5,V,1
1997,1,S,0.25
1997,2,S,0.5
1997,3,S,NA
1997,4,S,0.5
1997,5,S,0.25
1998,1,DF,1
1998,2,DF,0.75
1998,3,DF,NA
1998,4,DF,NA
1998,5,DF,0.75
1999,1,V,0
1999,2,V,1
1999,3,V,0.75
1999,4,V,0.75
1999,5,V,0.75
2000,1,V,1
2000,2,V,1
2000,3,V,1
2000,4,V,1
2000,5,V,1
2001,1,V,0.75
2001,2,V,0.75
2001,3,V,NA
2001,4,V,1
2001,5,V,1
2002,1,V,0.5
2002,2,V,0.75
2002,3,V,1
2002,4,V,NA
2002,5,V,NA
2003,1,SF,0.25
2003,2,SF,0.75
2003,3,SF,0.75
2003,4,SF,NA
2003,5,SF,0.25
2004,1,NA,0.5
2004,2,NA,NA
2004,3,NA,NA
2004,4,NA,NA
2004,5,NA,NA
2005,1,S,0.75
2005,2,S,0.75
2005,3,S,0.75
2005,4,S,0.75
2005,5,S,0.75
2006,1,S,0
2006,2,S,0
2006,3,S,0
2006,4,S,0
2006,5,S,0
2007,1,S,0
2007,2,S,0.25
2007,3,S,0
2007,4,S,NA
2007,5,S,NA
2008,1,OE,0
2008,2,OE,0
2008,3,OE,0
2008,4,OE,0
2008,5,OE,NA
2009,1,V,0.25
2009,2,V,0
2009,3,V,NA
2009,4,V,0.25
2009,5,V,0.25
2010,1,SF,0.75
2010,2,SF,0.75
2010,3,SF,0.25
2010,4,SF,0
2010,5,SF,0.25
2011,1,SF,0
2011,2,SF,0
2011,3,SF,NA
2011,4,SF,0
2011,5,SF,0
2012,1,SF,NA
2012,2,SF,NA
2012,3,SF,NA
2012,4,SF,NA
2012,5,SF,NA
2013,1,S,1
2013,2,S,0.75
2013,3,S,1
2013,4,S,0.5
2013,5,S,NA
2014,1,SF,0.25
2014,2,SF,NA
2014,3,SF,NA
2014,4,SF,NA
2014,5,SF,NA
2015,1,S,0.25
2015,2,S,NA
2015,3,S,NA
2015,4,S,NA
2015,5,S,NA
2016,1,C,0.75
2016,2,C,0.75
2016,3,C,0.75
2016,4,C,0.5
2016,5,C,0.75
2017,1,C,0.75
2017,2,C,0.75
2017,3,C,0.25
2017,4,C,0.75
2017,5,C,0.75
2018,1,RV,0.75
2018,2,RV,0
2018,3,RV,0.25
2018,4,RV,NA
2018,5,RV,NA
2019,1,SF,0.25
2019,2,SF,0
2019,3,SF,0
2019,4,SF,0
2019,5,SF,0
2020,1,S,0.75
2020,2,S,1
2020,3,S,NA
2020,4,S,0
2020,5,S,NA
2021,1,SF,0
2021,2,SF,0
2021,3,SF,0
2021,4,SF,0
2021,5,SF,0
2022,1,S,0.75
2022,2,S,0.75
2022,3,S,0.25
2022,4,S,0.25
2022,5,S,0.75
2023,1,NA,0
2023,2,NA,NA
2023,3,NA,NA
2023,4,NA,NA
2023,5,NA,NA
2024,1,S,0
2024,2,S,0
2024,3,S,0.75
2024,4,S,0.75
2024,5,S,0
2025,1,OE,0
2025,2,OE,0
2025,3,OE,0
2025,4,OE,0
2025,5,OE,0
2026,1,OE,0.5
2026,2,OE,NA
2026,3,OE,NA
2026,4,OE,NA
2026,5,OE,NA
2027,1,V,0.75
2027,2,V,NA
2027,3,V,NA
2027,4,V,NA
2027,5,V,NA
2028,1,V,0.5
2028,2,V,0.75
2028,3,V,0.75
2028,4,V,0.75
2028,5,V,0.75
2029,1,C,0.25
2029,2,C,NA
2029,3,C,NA
2029,4,C,NA
2029,5,C,NA
2030,1,DF,0
2030,2,DF,NA
2030,3,DF,NA
2030,4,DF,0.25
2030,5,DF,NA
2031,1,NA,0.75
2031,2,NA,NA
2031,3,NA,0.5
2031,4,NA,NA
2031,5,NA,0.75
2032,1,S,0.25
2032,2,S,0.25
2032,3,S,1
2032,4,S,NA
2032,5,S,NA
2033,1,S,1
2033,2,S,0.75
2033,3,S,1
2033,4,S,1
2033,5,S,0.25
2034,1,DF,0.25
2034,2,DF,0.75
2034,3,DF,0
2034,4,DF,0
2034,5,DF,0
2035,1,SF,0.25
2035,2,SF,0.25
2035,3,SF,0.25
2035,4,SF,0.5
2035,5,SF,0
2036,1,NA,0.75
2036,2,NA,0.75
2036,3,NA,1
2036,4,NA,0.75
2036,5,NA,NA
2037,1,DF,NA
2037,2,DF,NA
2037,3,DF,NA
2037,4,DF,NA
2037,5,DF,NA
2038,1,V,0.75
2038,2,V,0.5
2038,3,V,0.75
2038,4,V,0.5
2038,5,V,NA
2039,1,S,0
2039,2,S,0.25
2039,3,S,0.25
2039,4,S,0
2039,5,S,0.25
2040,1,NA,0.25
2040,2,NA,0
2040,3,NA,0.5
2040,4,NA,0.5
2040,5,NA,0
2041,1,V,1
2041,2,V,0.75
2041,3,V,1
2041,4,V,1
2041,5,V,NA
2042,1,V,0
2042,2,V,NA
2042,3,V,0.75
2042,4,V,0.75
2042,5,V,0.25
2043,1,SF,0
2043,2,SF,NA
2043,3,SF,NA
2043,4,SF,NA
2043,5,SF,NA
2044,1,S,0
2044,2,S,0
2044,3,S,0
2044,4,S,0
2044,5,S,0
2045,1,S,0.75
2045,2,S,NA
2045,3,S,NA
2045,4,S,NA
2045,5,S,NA
2046,1,DF,0.75
2046,2,DF,NA
2046,3,DF,NA
2046,4,DF,NA
2046,5,DF,NA
2047,1,NA,NA
2047,2,NA,NA
2047,3,NA,NA
2047,4,NA,0.25
2047,5,NA,NA
2048,1,SF,0
2048,2,SF,0
2048,3,SF,0
2048,4,SF,0
2048,5,SF,0.25
2049,1,V,1
2049,2,V,NA
2049,3,V,NA
2049,4,V,NA
2049,5,V,NA
2050,1,S,0
2050,2,S,0
2050,3,S,0
2050,4,S,0
2050,5,S,NA
2051,1,NA,0.5
2051,2,NA,NA
2051,3,NA,NA
2051,4,NA,NA
2051,5,NA,NA
2052,1,NA,0
2052,2,NA,0
2052,3,NA,0.25
2052,4,NA,0.25
2052,5,NA,0
2053,1,NA,0.75
2053,2,NA,NA
2053,3,NA,NA
2053,4,NA,0
2053,5,NA,0
2054,1,S,1
2054,2,S,NA
2054,3,S,1
2054,4,S,0.75
2054,5,S,0.75
2055,1,DF,NA
2055,2,DF,0.75
2055,3,DF,0
2055,4,DF,NA
2055,5,DF,NA
2056,1,V,0
2056,2,V,0.25
2056,3,V,0
2056,4,V,0
2056,5,V,0
2057,1,DF,0
2057,2,DF,NA
2057,3,DF,NA
2057,4,DF,NA
2057,5,DF,NA
2058,1,C,0.75
2058,2,C,0.75
2058,3,C,NA
2058,4,C,NA
2058,5,C,NA
2059,1,NA,1
2059,2,NA,0.25
2059,3,NA,0.75
2059,4,NA,0.75
2059,5,NA,1
2060,1,S,0.25
2060,2,S,0.5
2060,3,S,0
2060,4,S,0
2060,5,S,0.25
2061,1,C,0.75
2061,2,C,NA
2061,3,C,NA
2061,4,C,NA
2061,5,C,NA
2062,1,S,0
2062,2,S,NA
2062,3,S,NA
2062,4,S,NA
2062,5,S,NA
2063,1,C,1
2063,2,C,1
2063,3,C,1
2063,4,C,1
2063,5,C,NA
2064,1,V,0
2064,2,V,0
2064,3,V,0.5
2064,4,V,0.5
2064,5,V,NA
2065,1,S,0.25
2065,2,S,NA
2065,3,S,NA
2065,4,S,NA
2065,5,S,NA
2066,1,SF,0.25
2066,2,SF,0.25
2066,3,SF,0
2066,4,SF,0.25
2066,5,SF,0.25
2067,1,S,0.5
2067,2,S,NA
2067,3,S,0.75
2067,4,S,0.75
2067,5,S,0.75
2068,1,S,0.25
2068,2,S,0.25
2068,3,S,0.5
2068,4,S,0.25
2068,5,S,0
2069,1,V,0.5
2069,2,V,0
2069,3,V,0.25
2069,4,V,NA
2069,5,V,0
2070,1,S,0
2070,2,S,0
2070,3,S,0
2070,4,S,0.25
2070,5,S,0.25
2071,1,SF,0
2071,2,SF,NA
2071,3,SF,NA
2071,4,SF,NA
2071,5,SF,NA
2072,1,NA,0
2072,2,NA,0
2072,3,NA,0
2072,4,NA,NA
2072,5,NA,0.25
2073,1,RV,0
2073,2,RV,0.25
2073,3,RV,0.25
2073,4,RV,0.25
2073,5,RV,0.25
2074,1,OE,0
2074,2,OE,0
2074,3,OE,0
2074,4,OE,0
2074,5,OE,0
2075,1,C,1
2075,2,C,1
2075,3,C,1
2075,4,C,0.5
2075,5,C,0.75
2076,1,S,0
2076,2,S,0
2076,3,S,0
2076,4,S,0
2076,5,S,0
2077,1,SF,0
2077,2,SF,0
2077,3,SF,0.75
2077,4,SF,0
2077,5,SF,0
2078,1,S,0.5
2078,2,S,0.5
2078,3,S,1
2078,4,S,1
2078,5,S,0.75
2079,1,S,0
2079,2,S,NA
2079,3,S,NA
2079,4,S,NA
2079,5,S,NA
2080,1,NA,0
2080,2,NA,NA
2080,3,NA,NA
2080,4,NA,NA
2080,5,NA,NA
2081,1,NA,0.25
2081,2,NA,NA
2081,3,NA,NA
2081,4,NA,NA
2081,5,NA,NA
2082,1,S,0.75
2082,2,S,0.75
2082,3,S,NA
2082,4,S,0.5
2082,5,S,0
2083,1,V,0.25
2083,2,V,0.25
2083,3,V,1
2083,4,V,0.5
2083,5,V,1
2084,1,SF,0.5
2084,2,SF,NA
2084,3,SF,NA
2084,4,SF,NA
2084,5,SF,NA
2085,1,C,0.25
2085,2,C,0
2085,3,C,0.5
2085,4,C,0.25
2085,5,C,0.75
2086,1,S,0
2086,2,S,NA
2086,3,S,NA
2086,4,S,NA
2086,5,S,NA
2087,1,V,NA
2087,2,V,0
2087,3,V,0
2087,4,V,NA
2087,5,V,NA
2088,1,DF,0
2088,2,DF,NA
2088,3,DF,NA
2088,4,DF,0.25
2088,5,DF,0
2089,1,NA,0
2089,2,NA,0
2089,3,NA,0
2089,4,NA,0
2089,5,NA,0
2090,1,S,0.75
2090,2,S,0.75
2090,3,S,0.75
2090,4,S,0.75
2090,5,S,0.75
2091,1,DF,0
2091,2,DF,NA
2091,3,DF,NA
2091,4,DF,NA
2091,5,DF,NA
2092,1,V,0.5
2092,2,V,0.75
2092,3,V,NA
2092,4,V,0.75
2092,5,V,0.5
2093,1,C,0
2093,2,C,NA
2093,3,C,NA
2093,4,C,NA
2093,5,C,NA
2094,1,S,0
2094,2,S,0
2094,3,S,0.25
2094,4,S,0.25
2094,5,S,0
2095,1,V,0
2095,2,V,NA
2095,3,V,0.25
2095,4,V,0.25
2095,5,V,0.25
2096,1,V,1
2096,2,V,1
2096,3,V,1
2096,4,V,1
2096,5,V,NA
2097,1,S,0
2097,2,S,NA
2097,3,S,NA
2097,4,S,NA
2097,5,S,NA
2098,1,V,0.75
2098,2,V,NA
2098,3,V,NA
2098,4,V,0.75
2098,5,V,NA
2099,1,V,0.75
2099,2,V,NA
2099,3,V,0.5
2099,4,V,0.75
2099,5,V,0.75
2100,1,V,0.75
2100,2,V,NA
2100,3,V,NA
2100,4,V,NA
2100,5,V,NA
2101,1,DF,0.5
2101,2,DF,NA
2101,3,DF,NA
2101,4,DF,NA
2101,5,DF,NA
2102,1,DF,0.75
2102,2,DF,0.75
2102,3,DF,1
2102,4,DF,1
2102,5,DF,NA
2103,1,C,1
2103,2,C,0.75
2103,3,C,1
2103,4,C,1
2103,5,C,NA
2104,1,S,0.75
2104,2,S,0.75
2104,3,S,0.75
2104,4,S,NA
2104,5,S,0.75
2105,1,NA,0
2105,2,NA,NA
2105,3,NA,NA
2105,4,NA,NA
2105,5,NA,NA
2106,1,SF,NA
2106,2,SF,NA
2106,3,SF,1
2106,4,SF,NA
2106,5,SF,NA
2107,1,S,0.75
2107,2,S,NA
2107,3,S,NA
2107,4,S,NA
2107,5,S,NA
2108,1,RV,0.25
2108,2,RV,NA
2108,3,RV,NA
2108,4,RV,NA
2108,5,RV,NA
2109,1,DF,0
2109,2,DF,0
2109,3,DF,0
2109,4,DF,0
2109,5,DF,NA
2110,1,V,1
2110,2,V,0.75
2110,3,V,1
2110,4,V,1
2110,5,V,1
2111,1,SF,0.25
2111,2,SF,NA
2111,3,SF,NA
2111,4,SF,NA
2111,5,SF,NA
2112,1,V,1
2112,2,V,NA
2112,3,V,NA
2112,4,V,NA
2112,5,V,NA
2113,1,S,0.25
2113,2,S,NA
2113,3,S,NA
2113,4,S,NA
2113,5,S,NA
2114,1,NA,0.25
2114,2,NA,0.25
2114,3,NA,0.5
2114,4,NA,0.75
2114,5,NA,0.75
2115,1,V,0.75
2115,2,V,NA
2115,3,V,NA
2115,4,V,NA
2115,5,V,NA
2116,1,C,0.75
2116,2,C,1
2116,3,C,1
2116,4,C,1
2116,5,C,1
2117,1,V,0.75
2117,2,V,0.75
2117,3,V,0.75
2117,4,V,0.75
2117,5,V,0.75
2118,1,DF,1
2118,2,DF,1
2118,3,DF,0.75
2118,4,DF,0
2118,5,DF,1
2119,1,V,1
2119,2,V,NA
2119,3,V,NA
2119,4,V,NA
2119,5,V,NA
2120,1,S,1
2120,2,S,NA
2120,3,S,NA
2120,4,S,NA
2120,5,S,NA
2121,1,SF,0.5
2121,2,SF,NA
2121,3,SF,NA
2121,4,SF,NA
2121,5,SF,NA
2122,1,V,0
2122,2,V,0
2122,3,V,0
2122,4,V,0
2122,5,V,NA
2123,1,S,1
2123,2,S,1
2123,3,S,NA
2123,4,S,NA
2123,5,S,1
2124,1,OE,0
2124,2,OE,0
2124,3,OE,0
2124,4,OE,NA
2124,5,OE,0
2125,1,RV,0.25
2125,2,RV,0.75
2125,3,RV,1
2125,4,RV,0.75
2125,5,RV,NA
2126,1,S,0.25
2126,2,S,0.5
2126,3,S,0.5
2126,4,S,NA
2126,5,S,NA
2127,1,S,0.5
2127,2,S,NA
2127,3,S,NA
2127,4,S,NA
2127,5,S,NA
2128,1,V,0.75
2128,2,V,0.5
2128,3,V,1
2128,4,V,1
2128,5,V,1
2129,1,S,0
2129,2,S,NA
2129,3,S,NA
2129,4,S,NA
2129,5,S,NA
2130,1,V,0.25
2130,2,V,1
2130,3,V,1
2130,4,V,1
2130,5,V,1
2131,1,RV,0.75
2131,2,RV,NA
2131,3,RV,NA
2131,4,RV,NA
2131,5,RV,1
2132,1,NA,NA
2132,2,NA,NA
2132,3,NA,NA
2132,4,NA,NA
2132,5,NA,NA
2133,1,SF,0.5
2133,2,SF,0.25
2133,3,SF,0.25
2133,4,SF,0
2133,5,SF,0.25
2134,1,OE,0
2134,2,OE,0
2134,3,OE,0
2134,4,OE,0
2134,5,OE,NA
2135,1,V,0.25
2135,2,V,0.75
2135,3,V,1
2135,4,V,1
2135,5,V,1
2136,1,SF,0.75
2136,2,SF,0.5
2136,3,SF,NA
2136,4,SF,NA
2136,5,SF,NA
2137,1,S,0.25
2137,2,S,0
2137,3,S,0
2137,4,S,NA
2137,5,S,NA
2138,1,NA,0
2138,2,NA,NA
2138,3,NA,NA
2138,4,NA,NA
2138,5,NA,NA
2139,1,DF,0
2139,2,DF,0
2139,3,DF,0.25
2139,4,DF,0
2139,5,DF,0
2140,1,SF,0
2140,2,SF,NA
2140,3,SF,NA
2140,4,SF,NA
2140,5,SF,NA
2141,1,NA,0.25
2141,2,NA,NA
2141,3,NA,NA
2141,4,NA,NA
2141,5,NA,NA
2142,1,V,0.75
2142,2,V,NA
2142,3,V,NA
2142,4,V,NA
2142,5,V,NA
2143,1,RV,0
2143,2,RV,0.25
2143,3,RV,0.75
2143,4,RV,NA
2143,5,RV,NA
2144,1,C,1
2144,2,C,1
2144,3,C,1
2144,4,C,1
2144,5,C,1
2145,1,SF,0
2145,2,SF,0
2145,3,SF,0
2145,4,SF,0
2145,5,SF,0
2146,1,SF,1
2146,2,SF,0
2146,3,SF,1
2146,4,SF,1
2146,5,SF,1
2147,1,C,0
2147,2,C,0
2147,3,C,1
2147,4,C,0.25
2147,5,C,0
2148,1,S,0
2148,2,S,0.75
2148,3,S,0
2148,4,S,0
2148,5,S,0
2149,1,SF,0
2149,2,SF,NA
2149,3,SF,NA
2149,4,SF,NA
2149,5,SF,NA
2150,1,C,1
2150,2,C,1
2150,3,C,0.75
2150,4,C,1
2150,5,C,1
2151,1,S,0
2151,2,S,0
2151,3,S,0
2151,4,S,NA
2151,5,S,NA
2152,1,C,0.5
2152,2,C,0.25
2152,3,C,0.75
2152,4,C,0.25
2152,5,C,NA
2153,1,OE,0.25
2153,2,OE,NA
2153,3,OE,NA
2153,4,OE,NA
2153,5,OE,NA
2154,1,S,1
2154,2,S,NA
2154,3,S,NA
2154,4,S,NA
2154,5,S,NA
2155,1,RV,0.25
2155,2,RV,0.5
2155,3,RV,0.75
2155,4,RV,0.75
2155,5,RV,0.25
2156,1,V,0.75
2156,2,V,0.75
2156,3,V,0.75
2156,4,V,0.75
2156,5,V,0.75
2157,1,RV,0.75
2157,2,RV,0.25
2157,3,RV,0.75
2157,4,RV,NA
2157,5,RV,0.75
2158,1,DF,0
2158,2,DF,NA
2158,3,DF,NA
2158,4,DF,NA
2158,5,DF,NA
2159,1,V,1
2159,2,V,0.75
2159,3,V,1
2159,4,V,1
2159,5,V,1
2160,1,C,0.5
2160,2,C,NA
2160,3,C,1
2160,4,C,0.5
2160,5,C,0.25
2161,1,S,0
2161,2,S,0.25
2161,3,S,0
2161,4,S,0
2161,5,S,0
2162,1,OE,0
2162,2,OE,0
2162,3,OE,0
2162,4,OE,0
2162,5,OE,NA
2163,1,SF,0.25
2163,2,SF,NA
2163,3,SF,0
2163,4,SF,0.25
2163,5,SF,0.25
2164,1,V,0.75
2164,2,V,NA
2164,3,V,NA
2164,4,V,1
2164,5,V,1
2165,1,V,1
2165,2,V,0.75
2165,3,V,1
2165,4,V,1
2165,5,V,0.75
2166,1,OE,0
2166,2,OE,0.25
2166,3,OE,0.25
2166,4,OE,0.5
2166,5,OE,0.25
2167,1,V,1
2167,2,V,1
2167,3,V,NA
2167,4,V,1
2167,5,V,1
2168,1,S,1
2168,2,S,1
2168,3,S,0.75
2168,4,S,1
2168,5,S,NA
2169,1,DF,0.5
2169,2,DF,NA
2169,3,DF,0.75
2169,4,DF,0.5
2169,5,DF,0.5
2170,1,S,0
2170,2,S,0.25
2170,3,S,0
2170,4,S,0
2170,5,S,0
2171,1,DF,0.75
2171,2,DF,0.75
2171,3,DF,0.75
2171,4,DF,0.75
2171,5,DF,0.75
2172,1,RV,1
2172,2,RV,1
2172,3,RV,1
2172,4,RV,0.75
2172,5,RV,1
2173,1,SF,1
2173,2,SF,NA
2173,3,SF,NA
2173,4,SF,NA
2173,5,SF,NA
2174,1,V,0.75
2174,2,V,0.75
2174,3,V,0.75
2174,4,V,NA
2174,5,V,NA
2175,1,S,0.25
2175,2,S,NA
2175,3,S,0.25
2175,4,S,0
2175,5,S,NA
2176,1,V,0.75
2176,2,V,NA
2176,3,V,NA
2176,4,V,NA
2176,5,V,NA
2177,1,RV,0.75
2177,2,RV,0.25
2177,3,RV,0
2177,4,RV,0.25
2177,5,RV,0.5
2178,1,C,1
2178,2,C,1
2178,3,C,1
2178,4,C,1
2178,5,C,1
2179,1,RV,0.75
2179,2,RV,0.25
2179,3,RV,0.5
2179,4,RV,NA
2179,5,RV,0.75
2180,1,SF,0
2180,2,SF,NA
2180,3,SF,NA
2180,4,SF,NA
2180,5,SF,NA
2181,1,SF,0
2181,2,SF,0
2181,3,SF,0
2181,4,SF,0
2181,5,SF,0
2182,1,C,0.5
2182,2,C,0.75
2182,3,C,NA
2182,4,C,1
2182,5,C,1
2183,1,RV,0.5
2183,2,RV,NA
2183,3,RV,NA
2183,4,RV,NA
2183,5,RV,NA
2184,1,S,0.75
2184,2,S,0.25
2184,3,S,0.5
2184,4,S,0.5
2184,5,S,0.75
2185,1,S,0.25
2185,2,S,0
2185,3,S,NA
2185,4,S,0.5
2185,5,S,NA
2186,1,S,0
2186,2,S,0
2186,3,S,0
2186,4,S,0
2186,5,S,0
2187,1,V,0.5
2187,2,V,NA
2187,3,V,NA
2187,4,V,NA
2187,5,V,NA
2188,1,SF,0.75
2188,2,SF,NA
2188,3,SF,NA
2188,4,SF,NA
2188,5,SF,NA
2189,1,SF,0.25
2189,2,SF,NA
2189,3,SF,0
2189,4,SF,0
2189,5,SF,0
2190,1,C,NA
2190,2,C,NA
2190,3,C,NA
2190,4,C,NA
2190,5,C,1
2191,1,NA,0.75
2191,2,NA,NA
2191,3,NA,NA
2191,4,NA,NA
2191,5,NA,NA
2192,1,C,0.25
2192,2,C,0
2192,3,C,0
2192,4,C,NA
2192,5,C,NA
2193,1,S,0
2193,2,S,0
2193,3,S,NA
2193,4,S,NA
2193,5,S,NA
2194,1,SF,0
2194,2,SF,0
2194,3,SF,0.75
2194,4,SF,0
2194,5,SF,NA
2195,1,NA,1
2195,2,NA,1
2195,3,NA,0.75
2195,4,NA,1
2195,5,NA,NA
2196,1,SF,0.5
2196,2,SF,0.5
2196,3,SF,NA
2196,4,SF,0.25
2196,5,SF,0.25
2197,1,C,0.75
2197,2,C,0.25
2197,3,C,1
2197,4,C,0.25
2197,5,C,0.75
2198,1,SF,0.75
2198,2,SF,0.25
2198,3,SF,0.25
2198,4,SF,0.25
2198,5,SF,0
2199,1,V,0.75
2199,2,V,NA
2199,3,V,0.25
2199,4,V,0.75
2199,5,V,0.5
2200,1,Kr,0
2200,2,Kr,0
2200,3,Kr,0
2200,4,Kr,0
2200,5,Kr,0
2201,1,S,0.75
2201,2,S,1
2201,3,S,NA
2201,4,S,0.75
2201,5,S,0.5
2202,1,SF,0
2202,2,SF,NA
2202,3,SF,NA
2202,4,SF,NA
2202,5,SF,NA
2203,1,S,0
2203,2,S,0
2203,3,S,NA
2203,4,S,NA
2203,5,S,NA
2204,1,SF,NA
2204,2,SF,NA
2204,3,SF,NA
2204,4,SF,NA
2204,5,SF,NA
2205,1,SF,0.25
2205,2,SF,NA
2205,3,SF,NA
2205,4,SF,NA
2205,5,SF,NA
2206,1,S,0
2206,2,S,0
2206,3,S,0
2206,4,S,0
2206,5,S,0
2207,1,NA,0
2207,2,NA,NA
2207,3,NA,NA
2207,4,NA,NA
2207,5,NA,NA
2208,1,SF,0.75
2208,2,SF,1
2208,3,SF,NA
2208,4,SF,0.75
2208,5,SF,NA
2209,1,RV,1
2209,2,RV,1
2209,3,RV,1
2209,4,RV,NA
2209,5,RV,NA
2210,1,V,NA
2210,2,V,NA
2210,3,V,NA
2210,4,V,NA
2210,5,V,NA
2211,1,DF,1
2211,2,DF,1
2211,3,DF,1
2211,4,DF,0.75
2211,5,DF,NA
2212,1,RV,0.75
2212,2,RV,1
2212,3,RV,NA
2212,4,RV,1
2212,5,RV,1
2213,1,S,0
2213,2,S,0
2213,3,S,0
2213,4,S,0
2213,5,S,0
2214,1,NA,0
2214,2,NA,0
2214,3,NA,NA
2214,4,NA,0.75
2214,5,NA,1
2215,1,DF,1
2215,2,DF,0.75
2215,3,DF,0
2215,4,DF,0.25
2215,5,DF,0.75
2216,1,NA,0.75
2216,2,NA,0.5
2216,3,NA,0.75
2216,4,NA,0.75
2216,5,NA,NA
2217,1,SF,0.5
2217,2,SF,0.25
2217,3,SF,NA
2217,4,SF,NA
2217,5,SF,NA
2218,1,SF,0
2218,2,SF,NA
2218,3,SF,NA
2218,4,SF,NA
2218,5,SF,NA
2219,1,S,0
2219,2,S,0
2219,3,S,0
2219,4,S,0.25
2219,5,S,0
2220,1,SF,0
2220,2,SF,0
2220,3,SF,0.25
2220,4,SF,0
2220,5,SF,0
2221,1,C,0
2221,2,C,NA
2221,3,C,NA
2221,4,C,NA
2221,5,C,0
2222,1,NA,0.25
2222,2,NA,NA
2222,3,NA,NA
2222,4,NA,NA
2222,5,NA,NA
2223,1,S,0
2223,2,S,0.25
2223,3,S,NA
2223,4,S,0
2223,5,S,0.25
2224,1,SF,0.5
2224,2,SF,0.25
2224,3,SF,0.25
2224,4,SF,0.5
2224,5,SF,0.75
2225,1,C,0.5
2225,2,C,NA
2225,3,C,NA
2225,4,C,NA
2225,5,C,NA
2226,1,C,0.25
2226,2,C,0
2226,3,C,0
2226,4,C,0
2226,5,C,0
2227,1,S,0.75
2227,2,S,0.5
2227,3,S,0.25
2227,4,S,0.25
2227,5,S,NA
2228,1,S,0.25
2228,2,S,0.25
2228,3,S,0.5
2228,4,S,0.25
2228,5,S,0
2229,1,S,0
2229,2,S,0
2229,3,S,0.25
2229,4,S,0
2229,5,S,0.25
2230,1,SF,0
2230,2,SF,0
2230,3,SF,0
2230,4,SF,0
2230,5,SF,0
2231,1,DF,0.5
2231,2,DF,0.5
2231,3,DF,0.75
2231,4,DF,0.25
2231,5,DF,1
2232,1,SF,0
2232,2,SF,0
2232,3,SF,0
2232,4,SF,0
2232,5,SF,NA
2233,1,NA,0
2233,2,NA,0
2233,3,NA,0.25
2233,4,NA,0.5
2233,5,NA,1
2234,1,SF,0.25
2234,2,SF,0
2234,3,SF,0.25
2234,4,SF,0.25
2234,5,SF,0.25
2235,1,V,1
2235,2,V,1
2235,3,V,1
2235,4,V,NA
2235,5,V,NA
2236,1,C,1
2236,2,C,1
2236,3,C,1
2236,4,C,1
2236,5,C,NA
2237,1,S,0
2237,2,S,NA
2237,3,S,NA
2237,4,S,NA
2237,5,S,NA
2238,1,S,0
2238,2,S,NA
2238,3,S,NA
2238,4,S,NA
2238,5,S,NA
2239,1,V,0.75
2239,2,V,0.5
2239,3,V,NA
2239,4,V,NA
2239,5,V,NA
2240,1,S,0
2240,2,S,0
2240,3,S,0
2240,4,S,0.25
2240,5,S,0
2241,1,C,0
2241,2,C,NA
2241,3,C,0
2241,4,C,0
2241,5,C,NA
2242,1,SF,0
2242,2,SF,0.25
2242,3,SF,0
2242,4,SF,0
2242,5,SF,0
2243,1,NA,1
2243,2,NA,0.75
2243,3,NA,0.75
2243,4,NA,0.75
2243,5,NA,0.75
2244,1,NA,0
2244,2,NA,NA
2244,3,NA,NA
2244,4,NA,NA
2244,5,NA,NA
2245,1,NA,0
2245,2,NA,NA
2245,3,NA,NA
2245,4,NA,NA
2245,5,NA,NA
2246,1,SF,0
2246,2,SF,1
2246,3,SF,NA
2246,4,SF,1
2246,5,SF,NA
2247,1,S,NA
2247,2,S,0
2247,3,S,NA
2247,4,S,0
2247,5,S,0
2248,1,SF,0
2248,2,SF,0.25
2248,3,SF,0.75
2248,4,SF,0.75
2248,5,SF,0.25
2249,1,S,0.5
2249,2,S,0.25
2249,3,S,0.5
2249,4,S,0.75
2249,5,S,0.75
2250,1,SF,0
2250,2,SF,0.25
2250,3,SF,0
2250,4,SF,0
2250,5,SF,0
2251,1,NA,1
2251,2,NA,1
2251,3,NA,1
2251,4,NA,1
2251,5,NA,0.75
2252,1,S,NA
2252,2,S,NA
2252,3,S,NA
2252,4,S,NA
2252,5,S,NA
2253,1,RV,0
2253,2,RV,0
2253,3,RV,0.75
2253,4,RV,1
2253,5,RV,0.75
2254,1,NA,0.75
2254,2,NA,0.75
2254,3,NA,1
2254,4,NA,0.75
2254,5,NA,0.75
2255,1,V,0.5
2255,2,V,0.5
2255,3,V,0.75
2255,4,V,0.75
2255,5,V,0.25
2256,1,DF,0.25
2256,2,DF,0.25
2256,3,DF,0.25
2256,4,DF,0.25
2256,5,DF,0.25
2257,1,S,0
2257,2,S,0
2257,3,S,0
2257,4,S,0
2257,5,S,0
2258,1,DF,0.5
2258,2,DF,0.5
2258,3,DF,0
2258,4,DF,NA
2258,5,DF,NA
2259,1,V,1
2259,2,V,0.75
2259,3,V,0.75
2259,4,V,NA
2259,5,V,NA
2260,1,NA,0.5
2260,2,NA,NA
2260,3,NA,NA
2260,4,NA,NA
2260,5,NA,NA
2261,1,V,0
2261,2,V,1
2261,3,V,NA
2261,4,V,1
2261,5,V,NA
2262,1,OE,0.75
2262,2,OE,1
2262,3,OE,1
2262,4,OE,1
2262,5,OE,0.75
2263,1,NA,0.75
2263,2,NA,1
2263,3,NA,1
2263,4,NA,0.75
2263,5,NA,0.5
2264,1,C,1
2264,2,C,0.75
2264,3,C,0.5
2264,4,C,1
2264,5,C,0.25
2265,1,NA,0.25
2265,2,NA,0.25
2265,3,NA,NA
2265,4,NA,0.75
2265,5,NA,0.25
2266,1,S,0.25
2266,2,S,0.25
2266,3,S,0
2266,4,S,0.25
2266,5,S,0
2267,1,V,0.5
2267,2,V,0.5
2267,3,V,1
2267,4,V,1
2267,5,V,1
2268,1,S,0.25
2268,2,S,NA
2268,3,S,NA
2268,4,S,NA
2268,5,S,NA
2269,1,NA,0.25
2269,2,NA,0
2269,3,NA,0.25
2269,4,NA,0.25
2269,5,NA,0.25
2270,1,C,1
2270,2,C,NA
2270,3,C,NA
2270,4,C,NA
2270,5,C,NA
2271,1,SF,0.5
2271,2,SF,0.75
2271,3,SF,0.5
2271,4,SF,0.5
2271,5,SF,NA
2272,1,SF,NA
2272,2,SF,NA
2272,3,SF,NA
2272,4,SF,NA
2272,5,SF,0.25
2273,1,S,NA
2273,2,S,NA
2273,3,S,0.25
2273,4,S,NA
2273,5,S,NA
2274,1,S,0.25
2274,2,S,0.5
2274,3,S,1
2274,4,S,0.25
2274,5,S,0.25
2275,1,SF,0.75
2275,2,SF,0
2275,3,SF,0.25
2275,4,SF,0
2275,5,SF,0.25
2276,1,C,1
2276,2,C,NA
2276,3,C,1
2276,4,C,1
2276,5,C,1
2277,1,C,0.5
2277,2,C,0.75
2277,3,C,0.75
2277,4,C,0.75
2277,5,C,0.5
2278,1,C,0.75
2278,2,C,NA
2278,3,C,NA
2278,4,C,NA
2278,5,C,NA
2279,1,Kr,NA
2279,2,Kr,0.5
2279,3,Kr,NA
2279,4,Kr,NA
2279,5,Kr,NA
2280,1,S,0.75
2280,2,S,NA
2280,3,S,0
2280,4,S,1
2280,5,S,NA
2281,1,S,0
2281,2,S,NA
2281,3,S,0
2281,4,S,NA
2281,5,S,0
2282,1,NA,0
2282,2,NA,0.75
2282,3,NA,0
2282,4,NA,0
2282,5,NA,0.75
2283,1,SF,0.75
2283,2,SF,0.75
2283,3,SF,0.5
2283,4,SF,0.5
2283,5,SF,0.75
2284,1,V,0.75
2284,2,V,NA
2284,3,V,NA
2284,4,V,NA
2284,5,V,NA
2285,1,DF,0.25
2285,2,DF,NA
2285,3,DF,0.25
2285,4,DF,0.25
2285,5,DF,0.25
2286,1,C,0.75
2286,2,C,0.75
2286,3,C,1
2286,4,C,0.75
2286,5,C,1
2287,1,NA,0.25
2287,2,NA,NA
2287,3,NA,NA
2287,4,NA,NA
2287,5,NA,NA
2288,1,SF,0
2288,2,SF,NA
2288,3,SF,0
2288,4,SF,0
2288,5,SF,0
2289,1,V,0
2289,2,V,0.75
2289,3,V,0.75
2289,4,V,0.75
2289,5,V,NA
2290,1,S,0
2290,2,S,0.25
2290,3,S,0
2290,4,S,0.25
2290,5,S,0.25
2291,1,S,0
2291,2,S,0.5
2291,3,S,0.25
2291,4,S,0
2291,5,S,0
2292,1,SF,0
2292,2,SF,NA
2292,3,SF,NA
2292,4,SF,NA
2292,5,SF,NA
2293,1,NA,0.25
2293,2,NA,0.25
2293,3,NA,0.75
2293,4,NA,0.75
2293,5,NA,0.75
2294,1,V,0.25
2294,2,V,0.25
2294,3,V,0.5
2294,4,V,NA
2294,5,V,NA
2295,1,NA,0.5
2295,2,NA,NA
2295,3,NA,0.75
2295,4,NA,NA
2295,5,NA,0.5
2296,1,S,0
2296,2,S,NA
2296,3,S,NA
2296,4,S,NA
2296,5,S,NA
2297,1,V,1
2297,2,V,0.75
2297,3,V,0
2297,4,V,0.25
2297,5,V,0.5
2298,1,C,1
2298,2,C,1
2298,3,C,1
2298,4,C,1
2298,5,C,1
2299,1,NA,0
2299,2,NA,0
2299,3,NA,0
2299,4,NA,NA
2299,5,NA,0
2300,1,V,0.25
2300,2,V,0.5
2300,3,V,0.75
2300,4,V,0.5
2300,5,V,NA
2301,1,OE,0
2301,2,OE,0
2301,3,OE,0
2301,4,OE,0
2301,5,OE,0
2302,1,SF,0
2302,2,SF,0
2302,3,SF,0
2302,4,SF,0
2302,5,SF,0
2303,1,S,0.5
2303,2,S,0.5
2303,3,S,0.5
2303,4,S,0.25
2303,5,S,0.5
2304,1,S,0.25
2304,2,S,0
2304,3,S,0
2304,4,S,0
2304,5,S,0
2305,1,NA,1
2305,2,NA,1
2305,3,NA,NA
2305,4,NA,1
2305,5,NA,NA
2306,1,DF,1
2306,2,DF,1
2306,3,DF,1
2306,4,DF,1
2306,5,DF,1
2307,1,OE,0
2307,2,OE,0
2307,3,OE,0
2307,4,OE,NA
2307,5,OE,1
2308,1,S,0
2308,2,S,0
2308,3,S,0
2308,4,S,0
2308,5,S,0
2309,1,S,0.75
2309,2,S,0.5
2309,3,S,1
2309,4,S,0.75
2309,5,S,NA
2310,1,V,0.25
2310,2,V,0.5
2310,3,V,0.75
2310,4,V,0.75
2310,5,V,NA
2311,1,S,0
2311,2,S,0.25
2311,3,S,0.5
2311,4,S,0.5
2311,5,S,0.5
2312,1,NA,0.75
2312,2,NA,NA
2312,3,NA,0.25
2312,4,NA,NA
2312,5,NA,NA
2313,1,SF,0.25
2313,2,SF,NA
2313,3,SF,NA
2313,4,SF,NA
2313,5,SF,NA
2314,1,V,0.25
2314,2,V,0.5
2314,3,V,0.5
2314,4,V,0.75
2314,5,V,0.5
2315,1,V,0.5
2315,2,V,NA
2315,3,V,0.75
2315,4,V,0.5
2315,5,V,NA
2316,1,V,0.5
2316,2,V,0.25
2316,3,V,0.75
2316,4,V,0.75
2316,5,V,1
2317,1,V,1
2317,2,V,1
2317,3,V,0
2317,4,V,1
2317,5,V,1
2318,1,V,0.75
2318,2,V,NA
2318,3,V,NA
2318,4,V,NA
2318,5,V,NA
2319,1,SF,0
2319,2,SF,NA
2319,3,SF,NA
2319,4,SF,NA
2319,5,SF,NA
2320,1,RV,0
2320,2,RV,0.5
2320,3,RV,NA
2320,4,RV,0.25
2320,5,RV,1
2321,1,V,0.75
2321,2,V,0.75
2321,3,V,0.75
2321,4,V,NA
2321,5,V,NA
2322,1,OE,0
2322,2,OE,0
2322,3,OE,0
2322,4,OE,0.25
2322,5,OE,0
2323,1,C,0.75
2323,2,C,0.75
2323,3,C,0.75
2323,4,C,1
2323,5,C,0.25
2324,1,SF,0
2324,2,SF,0
2324,3,SF,0
2324,4,SF,0
2324,5,SF,0
2325,1,NA,0.75
2325,2,NA,1
2325,3,NA,1
2325,4,NA,1
2325,5,NA,NA
2326,1,S,0
2326,2,S,0
2326,3,S,NA
2326,4,S,0
2326,5,S,NA
2327,1,S,0.5
2327,2,S,0.5
2327,3,S,0
2327,4,S,0
2327,5,S,0
2328,1,S,0
2328,2,S,0
2328,3,S,0.5
2328,4,S,0.5
2328,5,S,NA
2329,1,S,0
2329,2,S,0
2329,3,S,NA
2329,4,S,NA
2329,5,S,NA
2330,1,NA,0.75
2330,2,NA,1
2330,3,NA,0.25
2330,4,NA,0.25
2330,5,NA,0.75
2331,1,C,0.75
2331,2,C,0.25
2331,3,C,NA
2331,4,C,NA
2331,5,C,NA
2332,1,SF,0
2332,2,SF,NA
2332,3,SF,NA
2332,4,SF,NA
2332,5,SF,NA
2333,1,S,0
2333,2,S,0
2333,3,S,0.25
2333,4,S,0.25
2333,5,S,0
2334,1,V,NA
2334,2,V,NA
2334,3,V,NA
2334,4,V,NA
2334,5,V,NA
2335,1,LA,0.75
2335,2,LA,1
2335,3,LA,0.75
2335,4,LA,0.75
2335,5,LA,0.75
2336,1,V,0.25
2336,2,V,NA
2336,3,V,NA
2336,4,V,NA
2336,5,V,NA
2337,1,NA,0
2337,2,NA,0
2337,3,NA,0
2337,4,NA,0
2337,5,NA,0
2338,1,NA,0.25
2338,2,NA,0.5
2338,3,NA,0.25
2338,4,NA,0
2338,5,NA,NA
2339,1,V,0.5
2339,2,V,NA
2339,3,V,NA
2339,4,V,NA
2339,5,V,NA
2340,1,V,1
2340,2,V,0.25
2340,3,V,0.75
2340,4,V,0.25
2340,5,V,0.75
2341,1,SF,0.5
2341,2,SF,0.5
2341,3,SF,0.75
2341,4,SF,NA
2341,5,SF,0.5
2342,1,SF,0
2342,2,SF,0
2342,3,SF,0
2342,4,SF,0.5
2342,5,SF,NA
2343,1,NA,0.75
2343,2,NA,0.5
2343,3,NA,NA
2343,4,NA,0.25
2343,5,NA,0
2344,1,DF,NA
2344,2,DF,NA
2344,3,DF,NA
2344,4,DF,NA
2344,5,DF,NA
2345,1,S,0.5
2345,2,S,NA
2345,3,S,0
2345,4,S,NA
2345,5,S,NA
2346,1,NA,0.5
2346,2,NA,NA
2346,3,NA,NA
2346,4,NA,NA
2346,5,NA,NA
2347,1,OE,0
2347,2,OE,NA
2347,3,OE,NA
2347,4,OE,NA
2347,5,OE,NA
2348,1,C,0
2348,2,C,0.25
2348,3,C,0.25
2348,4,C,0
2348,5,C,0
2349,1,OE,0
2349,2,OE,0
2349,3,OE,0
2349,4,OE,0
2349,5,OE,0
2350,1,V,0
2350,2,V,0
2350,3,V,0.25
2350,4,V,0
2350,5,V,0.25
2351,1,S,0
2351,2,S,0
2351,3,S,0
2351,4,S,NA
2351,5,S,NA
2352,1,V,0.75
2352,2,V,0.75
2352,3,V,0.75
2352,4,V,1
2352,5,V,0.75
2353,1,SF,0
2353,2,SF,0.5
2353,3,SF,0
2353,4,SF,0
2353,5,SF,0.25
2354,1,NA,0.25
2354,2,NA,0.5
2354,3,NA,0.75
2354,4,NA,0.75
2354,5,NA,0.75
2355,1,OE,0
2355,2,OE,NA
2355,3,OE,0.25
2355,4,OE,0.25
2355,5,OE,0.75
2356,1,V,1
2356,2,V,1
2356,3,V,1
2356,4,V,1
2356,5,V,1
2357,1,S,0
2357,2,S,NA
2357,3,S,NA
2357,4,S,NA
2357,5,S,NA
2358,1,SF,0.75
2358,2,SF,NA
2358,3,SF,NA
2358,4,SF,NA
2358,5,SF,NA
2359,1,SF,0
2359,2,SF,0
2359,3,SF,0
2359,4,SF,0
2359,5,SF,0
2360,1,DF,0
2360,2,DF,0
2360,3,DF,0
2360,4,DF,0
2360,5,DF,0
2361,1,S,0
2361,2,S,NA
2361,3,S,0
2361,4,S,0.25
2361,5,S,NA
2362,1,RV,1
2362,2,RV,1
2362,3,RV,1
2362,4,RV,1
2362,5,RV,NA
2363,1,OE,0
2363,2,OE,0
2363,3,OE,0
2363,4,OE,0
2363,5,OE,0
2364,1,SF,0
2364,2,SF,0
2364,3,SF,0
2364,4,SF,0
2364,5,SF,0
2365,1,SF,0.75
2365,2,SF,1
2365,3,SF,1
2365,4,SF,0.75
2365,5,SF,NA
2366,1,SF,0.25
2366,2,SF,0
2366,3,SF,0.25
2366,4,SF,0
2366,5,SF,0
2367,1,V,0
2367,2,V,0
2367,3,V,0.5
2367,4,V,0
2367,5,V,0
2368,1,S,1
2368,2,S,0.25
2368,3,S,NA
2368,4,S,NA
2368,5,S,NA
2369,1,SF,0
2369,2,SF,NA
2369,3,SF,NA
2369,4,SF,NA
2369,5,SF,NA
2370,1,V,0
2370,2,V,0
2370,3,V,NA
2370,4,V,0.75
2370,5,V,0
2371,1,V,0.75
2371,2,V,1
2371,3,V,0.75
2371,4,V,0.75
2371,5,V,0.75
2372,1,NA,0.25
2372,2,NA,0.5
2372,3,NA,0.25
2372,4,NA,0.25
2372,5,NA,0
2373,1,OE,0.25
2373,2,OE,0.5
2373,3,OE,0.25
2373,4,OE,0.5
2373,5,OE,NA
2374,1,V,0.5
2374,2,V,0.25
2374,3,V,0.75
2374,4,V,0.75
2374,5,V,0.75
2375,1,V,0.75
2375,2,V,0.5
2375,3,V,0.75
2375,4,V,0.75
2375,5,V,NA
2376,1,SF,0
2376,2,SF,NA
2376,3,SF,NA
2376,4,SF,NA
2376,5,SF,NA
2377,1,C,1
2377,2,C,0.75
2377,3,C,NA
2377,4,C,0.75
2377,5,C,NA
2378,1,SF,0.25
2378,2,SF,0.25
2378,3,SF,0.25
2378,4,SF,NA
2378,5,SF,0
2379,1,DF,0.75
2379,2,DF,NA
2379,3,DF,NA
2379,4,DF,NA
2379,5,DF,NA
2380,1,NA,0.25
2380,2,NA,0.25
2380,3,NA,0.25
2380,4,NA,0
2380,5,NA,0
2381,1,NA,0
2381,2,NA,0
2381,3,NA,0.25
2381,4,NA,0
2381,5,NA,NA
2382,1,DF,1
2382,2,DF,NA
2382,3,DF,NA
2382,4,DF,0
2382,5,DF,0
2383,1,V,0.75
2383,2,V,NA
2383,3,V,1
2383,4,V,0.75
2383,5,V,0.75
2384,1,V,0.75
2384,2,V,NA
2384,3,V,NA
2384,4,V,NA
2384,5,V,NA
2385,1,DF,0.25
2385,2,DF,0.75
2385,3,DF,0.75
2385,4,DF,0.5
2385,5,DF,0.75
2386,1,S,0
2386,2,S,0
2386,3,S,0
2386,4,S,NA
2386,5,S,0
2387,1,C,1
2387,2,C,0.75
2387,3,C,1
2387,4,C,1
2387,5,C,1
2388,1,OE,0
2388,2,OE,NA
2388,3,OE,NA
2388,4,OE,NA
2388,5,OE,NA
2389,1,SF,0
2389,2,SF,NA
2389,3,SF,NA
2389,4,SF,NA
2389,5,SF,0.25
2390,1,S,0.25
2390,2,S,NA
2390,3,S,NA
2390,4,S,NA
2390,5,S,NA
2391,1,V,0.75
2391,2,V,0.25
2391,3,V,0.75
2391,4,V,1
2391,5,V,0.75
2392,1,NA,0.75
2392,2,NA,NA
2392,3,NA,NA
2392,4,NA,NA
2392,5,NA,NA
2393,1,DF,1
2393,2,DF,NA
2393,3,DF,NA
2393,4,DF,NA
2393,5,DF,NA
2394,1,V,NA
2394,2,V,NA
2394,3,V,NA
2394,4,V,NA
2394,5,V,1
2395,1,SF,1
2395,2,SF,1
2395,3,SF,NA
2395,4,SF,1
2395,5,SF,NA
2396,1,S,0
2396,2,S,0
2396,3,S,0
2396,4,S,0
2396,5,S,0
2397,1,NA,0.75
2397,2,NA,NA
2397,3,NA,NA
2397,4,NA,NA
2397,5,NA,NA
2398,1,SF,0
2398,2,SF,0
2398,3,SF,0
2398,4,SF,0
2398,5,SF,0
2399,1,V,0.5
2399,2,V,0.5
2399,3,V,NA
2399,4,V,NA
2399,5,V,NA
2400,1,SF,0
2400,2,SF,0
2400,3,SF,0
2400,4,SF,0
2400,5,SF,0
2401,1,SF,0.5
2401,2,SF,NA
2401,3,SF,0.75
2401,4,SF,NA
2401,5,SF,1
2402,1,V,0.5
2402,2,V,NA
2402,3,V,NA
2402,4,V,NA
2402,5,V,NA
2403,1,S,0
2403,2,S,0
2403,3,S,0
2403,4,S,0
2403,5,S,0
2404,1,C,1
2404,2,C,1
2404,3,C,NA
2404,4,C,NA
2404,5,C,NA
2405,1,S,0
2405,2,S,0
2405,3,S,NA
2405,4,S,NA
2405,5,S,NA
2406,1,C,1
2406,2,C,1
2406,3,C,1
2406,4,C,1
2406,5,C,1
2407,1,Kr,0.5
2407,2,Kr,0.25
2407,3,Kr,0.25
2407,4,Kr,NA
2407,5,Kr,NA
2408,1,NA,0
2408,2,NA,0
2408,3,NA,0
2408,4,NA,0
2408,5,NA,NA
2409,1,SF,NA
2409,2,SF,1
2409,3,SF,1
2409,4,SF,0.75
2409,5,SF,NA
2410,1,SF,0
2410,2,SF,0
2410,3,SF,NA
2410,4,SF,0
2410,5,SF,0
2411,1,RV,0.25
2411,2,RV,0.75
2411,3,RV,0.75
2411,4,RV,0.75
2411,5,RV,0.75
2412,1,SF,0.5
2412,2,SF,NA
2412,3,SF,0.5
2412,4,SF,0.5
2412,5,SF,NA
2413,1,OE,0
2413,2,OE,NA
2413,3,OE,0
2413,4,OE,0
2413,5,OE,0
2414,1,NA,NA
2414,2,NA,NA
2414,3,NA,NA
2414,4,NA,NA
2414,5,NA,NA
2415,1,RV,0.5
2415,2,RV,0.5
2415,3,RV,0.5
2415,4,RV,0.75
2415,5,RV,0.5
2416,1,RV,0
2416,2,RV,0.75
2416,3,RV,0.25
2416,4,RV,0.25
2416,5,RV,0
2417,1,S,0.25
2417,2,S,0.5
2417,3,S,0.75
2417,4,S,0.75
2417,5,S,0.5
2418,1,SF,0
2418,2,SF,NA
2418,3,SF,NA
2418,4,SF,NA
2418,5,SF,NA
2419,1,S,0
2419,2,S,0.75
2419,3,S,0.25
2419,4,S,0.5
2419,5,S,NA
2420,1,V,1
2420,2,V,0.75
2420,3,V,1
2420,4,V,1
2420,5,V,NA
2421,1,SF,0
2421,2,SF,0
2421,3,SF,0
2421,4,SF,NA
2421,5,SF,NA
2422,1,SF,0.75
2422,2,SF,0.75
2422,3,SF,0.25
2422,4,SF,NA
2422,5,SF,NA
2423,1,SF,0
2423,2,SF,NA
2423,3,SF,0.25
2423,4,SF,0
2423,5,SF,NA
2424,1,V,0.75
2424,2,V,NA
2424,3,V,NA
2424,4,V,NA
2424,5,V,NA
2425,1,OE,0
2425,2,OE,0
2425,3,OE,0
2425,4,OE,0
2425,5,OE,0
2426,1,SF,0.25
2426,2,SF,NA
2426,3,SF,NA
2426,4,SF,NA
2426,5,SF,NA
2427,1,SF,0
2427,2,SF,0
2427,3,SF,0
2427,4,SF,1
2427,5,SF,0.75
2428,1,V,1
2428,2,V,0.75
2428,3,V,1
2428,4,V,1
2428,5,V,0.75
2429,1,RV,1
2429,2,RV,0.75
2429,3,RV,0.75
2429,4,RV,0
2429,5,RV,NA
2430,1,SF,0.25
2430,2,SF,0
2430,3,SF,NA
2430,4,SF,0.25
2430,5,SF,0.25
2431,1,V,0
2431,2,V,0.75
2431,3,V,0.75
2431,4,V,0.25
2431,5,V,0.75
2432,1,S,0
2432,2,S,NA
2432,3,S,NA
2432,4,S,NA
2432,5,S,NA
2433,1,S,0.25
2433,2,S,0.25
2433,3,S,0.75
2433,4,S,NA
2433,5,S,NA
2434,1,V,0.25
2434,2,V,NA
2434,3,V,NA
2434,4,V,NA
2434,5,V,NA
2435,1,V,0
2435,2,V,0.25
2435,3,V,0.75
2435,4,V,0.25
2435,5,V,0.25
2436,1,S,0
2436,2,S,NA
2436,3,S,NA
2436,4,S,NA
2436,5,S,NA
2437,1,V,0.75
2437,2,V,NA
2437,3,V,NA
2437,4,V,NA
2437,5,V,NA
2438,1,SF,0
2438,2,SF,0.25
2438,3,SF,0
2438,4,SF,0
2438,5,SF,0
2439,1,S,0
2439,2,S,0
2439,3,S,NA
2439,4,S,0
2439,5,S,NA
2440,1,V,0.25
2440,2,V,0.5
2440,3,V,0.5
2440,4,V,NA
2440,5,V,NA
2441,1,NA,0
2441,2,NA,0
2441,3,NA,0.75
2441,4,NA,0
2441,5,NA,0.25
2442,1,SF,0.25
2442,2,SF,0
2442,3,SF,0
2442,4,SF,0
2442,5,SF,0
2443,1,S,0.5
2443,2,S,1
2443,3,S,0.25
2443,4,S,0
2443,5,S,0
2444,1,SF,0.25
2444,2,SF,NA
2444,3,SF,NA
2444,4,SF,NA
2444,5,SF,NA
2445,1,C,0.75
2445,2,C,0.75
2445,3,C,0.75
2445,4,C,0.75
2445,5,C,0.75
2446,1,SF,0.5
2446,2,SF,NA
2446,3,SF,NA
2446,4,SF,NA
2446,5,SF,NA
2447,1,C,0.75
2447,2,C,0.75
2447,3,C,NA
2447,4,C,1
2447,5,C,NA
2448,1,DF,0
2448,2,DF,0
2448,3,DF,0
2448,4,DF,0
2448,5,DF,NA
2449,1,NA,0.25
2449,2,NA,NA
2449,3,NA,0.25
2449,4,NA,0.25
2449,5,NA,NA
2450,1,SF,0.25
2450,2,SF,0
2450,3,SF,0.25
2450,4,SF,0
2450,5,SF,0
2451,1,S,0.25
2451,2,S,0
2451,3,S,0.25
2451,4,S,0
2451,5,S,0
2452,1,S,0.75
2452,2,S,0.75
2452,3,S,0.75
2452,4,S,0
2452,5,S,0
2453,1,NA,0
2453,2,NA,NA
2453,3,NA,NA
2453,4,NA,NA
2453,5,NA,NA
2454,1,DF,0.75
2454,2,DF,0.75
2454,3,DF,0.25
2454,4,DF,NA
2454,5,DF,0.25
2455,1,S,0
2455,2,S,NA
2455,3,S,NA
2455,4,S,NA
2455,5,S,NA
2456,1,S,0
2456,2,S,NA
2456,3,S,NA
2456,4,S,0
2456,5,S,0
2457,1,NA,0.75
2457,2,NA,0.5
2457,3,NA,0.5
2457,4,NA,0.5
2457,5,NA,0.75
2458,1,OE,0.25
2458,2,OE,0
2458,3,OE,0
2458,4,OE,0
2458,5,OE,0.25
2459,1,RV,0.75
2459,2,RV,1
2459,3,RV,1
2459,4,RV,0.25
2459,5,RV,0.75
2460,1,RV,0.25
2460,2,RV,0.25
2460,3,RV,NA
2460,4,RV,NA
2460,5,RV,NA
2461,1,C,1
2461,2,C,NA
2461,3,C,0.75
2461,4,C,1
2461,5,C,0.75
2462,1,S,0
2462,2,S,0
2462,3,S,0
2462,4,S,0
2462,5,S,0
2463,1,V,0.75
2463,2,V,NA
2463,3,V,NA
2463,4,V,NA
2463,5,V,NA
2464,1,NA,0
2464,2,NA,0
2464,3,NA,0
2464,4,NA,0
2464,5,NA,NA
2465,1,SF,0
2465,2,SF,0
2465,3,SF,0
2465,4,SF,0
2465,5,SF,NA
2466,1,S,0
2466,2,S,0
2466,3,S,1
2466,4,S,1
2466,5,S,1
2467,1,V,0.5
2467,2,V,0.5
2467,3,V,0.25
2467,4,V,0.25
2467,5,V,0.75
2468,1,C,0.75
2468,2,C,NA
2468,3,C,NA
2468,4,C,0.5
2468,5,C,0.5
2469,1,SF,0.25
2469,2,SF,NA
2469,3,SF,NA
2469,4,SF,NA
2469,5,SF,NA
2470,1,SF,0.5
2470,2,SF,0.25
2470,3,SF,0.75
2470,4,SF,0
2470,5,SF,0
2471,1,S,0.5
2471,2,S,0.25
2471,3,S,0.75
2471,4,S,0.5
2471,5,S,NA
2472,1,SF,0
2472,2,SF,0
2472,3,SF,0
2472,4,SF,NA
2472,5,SF,NA
2473,1,SF,0
2473,2,SF,0
2473,3,SF,NA
2473,4,SF,0
2473,5,SF,0
2474,1,NA,0.25
2474,2,NA,NA
2474,3,NA,0.5
2474,4,NA,0.75
2474,5,NA,0.75
2475,1,V,0.5
2475,2,V,0.5
2475,3,V,1
2475,4,V,NA
2475,5,V,0.75
2476,1,OE,0
2476,2,OE,0
2476,3,OE,0
2476,4,OE,0
2476,5,OE,0
2477,1,SF,1
2477,2,SF,1
2477,3,SF,NA
2477,4,SF,NA
2477,5,SF,NA
2478,1,C,0.75
2478,2,C,NA
2478,3,C,NA
2478,4,C,NA
2478,5,C,NA
2479,1,DF,1
2479,2,DF,0
2479,3,DF,0
2479,4,DF,0
2479,5,DF,0
2480,1,SF,0
2480,2,SF,0
2480,3,SF,0
2480,4,SF,0.25
2480,5,SF,0.25
2481,1,S,0.25
2481,2,S,0.75
2481,3,S,NA
2481,4,S,0
2481,5,S,NA
2482,1,V,0.75
2482,2,V,0.5
2482,3,V,1
2482,4,V,1
2482,5,V,0.75
2483,1,V,0.25
2483,2,V,0.75
2483,3,V,0.75
2483,4,V,0.75
2483,5,V,0.25
2484,1,S,0.25
2484,2,S,0.75
2484,3,S,NA
2484,4,S,0.25
2484,5,S,0.75
2485,1,V,1
2485,2,V,1
2485,3,V,1
2485,4,V,1
2485,5,V,1
2486,1,S,0
2486,2,S,0.75
2486,3,S,1
2486,4,S,1
2486,5,S,1
2487,1,S,0
2487,2,S,NA
2487,3,S,NA
2487,4,S,NA
2487,5,S,NA
2488,1,S,0.25
2488,2,S,0.25
2488,3,S,0.75
2488,4,S,0.25
2488,5,S,NA
2489,1,OE,0
2489,2,OE,0
2489,3,OE,0
2489,4,OE,0
2489,5,OE,0
2490,1,V,0
2490,2,V,NA
2490,3,V,NA
2490,4,V,NA
2490,5,V,NA
2491,1,NA,0
2491,2,NA,0
2491,3,NA,0
2491,4,NA,0
2491,5,NA,0
2492,1,V,1
2492,2,V,NA
2492,3,V,NA
2492,4,V,NA
2492,5,V,NA
2493,1,C,0
2493,2,C,0
2493,3,C,0.75
2493,4,C,0.25
2493,5,C,0.75
2494,1,NA,0.5
2494,2,NA,0.75
2494,3,NA,0.5
2494,4,NA,0.5
2494,5,NA,0.5
2495,1,V,0.25
2495,2,V,NA
2495,3,V,NA
2495,4,V,NA
2495,5,V,NA
2496,1,V,0
2496,2,V,0.25
2496,3,V,0.25
2496,4,V,NA
2496,5,V,0.25
2497,1,RV,0
2497,2,RV,1
2497,3,RV,1
2497,4,RV,1
2497,5,RV,0.75
2498,1,C,1
2498,2,C,1
2498,3,C,1
2498,4,C,1
2498,5,C,1
2499,1,DF,0.75
2499,2,DF,NA
2499,3,DF,NA
2499,4,DF,NA
2499,5,DF,NA
2500,1,SF,0
2500,2,SF,0
2500,3,SF,0.75
2500,4,SF,NA
2500,5,SF,NA
2501,1,NA,0.5
2501,2,NA,0.25
2501,3,NA,0.75
2501,4,NA,0.75
2501,5,NA,NA
2502,1,RV,0.5
2502,2,RV,0.5
2502,3,RV,0
2502,4,RV,0.25
2502,5,RV,0
2503,1,C,0.75
2503,2,C,NA
2503,3,C,NA
2503,4,C,NA
2503,5,C,NA
2504,1,S,0.5
2504,2,S,1
2504,3,S,NA
2504,4,S,NA
2504,5,S,NA
2505,1,SF,0
2505,2,SF,NA
2505,3,SF,NA
2505,4,SF,NA
2505,5,SF,NA
2506,1,NA,0.75
2506,2,NA,0.5
2506,3,NA,0.25
2506,4,NA,0.75
2506,5,NA,0.75
2507,1,NA,0.75
2507,2,NA,0.75
2507,3,NA,1
2507,4,NA,0.75
2507,5,NA,1
2508,1,SF,0.25
2508,2,SF,0.5
2508,3,SF,1
2508,4,SF,1
2508,5,SF,0.75
2509,1,NA,0.75
2509,2,NA,0.75
2509,3,NA,1
2509,4,NA,1
2509,5,NA,1
2510,1,V,0
2510,2,V,NA
2510,3,V,NA
2510,4,V,NA
2510,5,V,NA
2511,1,NA,1
2511,2,NA,0.5
2511,3,NA,1
2511,4,NA,1
2511,5,NA,0.5
2512,1,SF,0
2512,2,SF,0.25
2512,3,SF,0
2512,4,SF,0.25
2512,5,SF,0
2513,1,DF,0.75
2513,2,DF,1
2513,3,DF,1
2513,4,DF,1
2513,5,DF,1
2514,1,NA,1
2514,2,NA,NA
2514,3,NA,NA
2514,4,NA,1
2514,5,NA,1
2515,1,SF,0.75
2515,2,SF,0.25
2515,3,SF,0.5
2515,4,SF,0.75
2515,5,SF,0.5
2516,1,V,1
2516,2,V,1
2516,3,V,1
2516,4,V,1
2516,5,V,1
2517,1,C,0.75
2517,2,C,0.75
2517,3,C,0.75
2517,4,C,0.75
2517,5,C,0.5
2518,1,SF,0
2518,2,SF,0
2518,3,SF,0
2518,4,SF,0
2518,5,SF,0
2519,1,S,0.25
2519,2,S,0.25
2519,3,S,0
2519,4,S,0.75
2519,5,S,0.25
2520,1,S,0
2520,2,S,0.25
2520,3,S,0.75
2520,4,S,0
2520,5,S,NA
2521,1,RV,0
2521,2,RV,0.25
2521,3,RV,0.25
2521,4,RV,0.5
2521,5,RV,0.25
2522,1,S,0
2522,2,S,NA
2522,3,S,NA
2522,4,S,NA
2522,5,S,NA
2523,1,DF,0
2523,2,DF,NA
2523,3,DF,NA
2523,4,DF,NA
2523,5,DF,NA
2524,1,OE,0
2524,2,OE,NA
2524,3,OE,0
2524,4,OE,0
2524,5,OE,0
2525,1,C,1
2525,2,C,1
2525,3,C,1
2525,4,C,1
2525,5,C,1
2526,1,NA,0
2526,2,NA,NA
2526,3,NA,NA
2526,4,NA,NA
2526,5,NA,NA
2527,1,RV,0.25
2527,2,RV,0.25
2527,3,RV,0.25
2527,4,RV,0.25
2527,5,RV,NA
2528,1,V,0.75
2528,2,V,1
2528,3,V,1
2528,4,V,1
2528,5,V,1
2529,1,SF,0.25
2529,2,SF,NA
2529,3,SF,NA
2529,4,SF,NA
2529,5,SF,NA
2530,1,SF,0
2530,2,SF,0
2530,3,SF,NA
2530,4,SF,0
2530,5,SF,0.75
2531,1,SF,0
2531,2,SF,0
2531,3,SF,0
2531,4,SF,NA
2531,5,SF,0
2532,1,SF,0
2532,2,SF,0.25
2532,3,SF,NA
2532,4,SF,NA
2532,5,SF,NA
2533,1,S,0.25
2533,2,S,NA
2533,3,S,NA
2533,4,S,NA
2533,5,S,NA
2534,1,NA,0.75
2534,2,NA,0.75
2534,3,NA,1
2534,4,NA,1
2534,5,NA,0.75
2535,1,SF,0
2535,2,SF,0
2535,3,SF,0
2535,4,SF,0
2535,5,SF,NA
2536,1,V,0.75
2536,2,V,1
2536,3,V,1
2536,4,V,1
2536,5,V,NA
2537,1,C,0.75
2537,2,C,1
2537,3,C,1
2537,4,C,0.75
2537,5,C,1
2538,1,C,0.25
2538,2,C,0.25
2538,3,C,1
2538,4,C,0.75
2538,5,C,1
2539,1,C,0.25
2539,2,C,0.25
2539,3,C,0.5
2539,4,C,NA
2539,5,C,NA
2540,1,NA,1
2540,2,NA,NA
2540,3,NA,1
2540,4,NA,1
2540,5,NA,1
2541,1,S,0.5
2541,2,S,0
2541,3,S,NA
2541,4,S,NA
2541,5,S,NA
2542,1,C,1
2542,2,C,1
2542,3,C,1
2542,4,C,NA
2542,5,C,1
2543,1,DF,0.25
2543,2,DF,0
2543,3,DF,0
2543,4,DF,0
2543,5,DF,NA
2544,1,DF,0
2544,2,DF,NA
2544,3,DF,NA
2544,4,DF,1
2544,5,DF,NA
2545,1,Kr,0
2545,2,Kr,NA
2545,3,Kr,NA
2545,4,Kr,NA
2545,5,Kr,NA
2546,1,OE,0
2546,2,OE,0
2546,3,OE,0
2546,4,OE,0
2546,5,OE,0
2547,1,C,1
2547,2,C,NA
2547,3,C,NA
2547,4,C,NA
2547,5,C,NA
2548,1,V,0.75
2548,2,V,0.5
2548,3,V,1
2548,4,V,0.75
2548,5,V,0.75
2549,1,S,0.5
2549,2,S,NA
2549,3,S,0.75
2549,4,S,0.75
2549,5,S,0.75
2550,1,S,0
2550,2,S,NA
2550,3,S,NA
2550,4,S,NA
2550,5,S,NA
2551,1,V,0.75
2551,2,V,NA
2551,3,V,NA
2551,4,V,NA
2551,5,V,NA
2552,1,NA,0.75
2552,2,NA,0.75
2552,3,NA,1
2552,4,NA,1
2552,5,NA,1
2553,1,S,0
2553,2,S,0
2553,3,S,0
2553,4,S,0
2553,5,S,0
2554,1,SF,NA
2554,2,SF,0.5
2554,3,SF,NA
2554,4,SF,NA
2554,5,SF,NA
2555,1,SF,0
2555,2,SF,0.25
2555,3,SF,0.25
2555,4,SF,0.5
2555,5,SF,NA
2556,1,C,0.75
2556,2,C,1
2556,3,C,1
2556,4,C,1
2556,5,C,1
2557,1,C,0
2557,2,C,0.25
2557,3,C,0.75
2557,4,C,0.5
2557,5,C,NA
2558,1,C,0.25
2558,2,C,0.5
2558,3,C,NA
2558,4,C,NA
2558,5,C,NA
2559,1,S,0
2559,2,S,NA
2559,3,S,0
2559,4,S,NA
2559,5,S,NA
2560,1,DF,0.75
2560,2,DF,NA
2560,3,DF,NA
2560,4,DF,NA
2560,5,DF,NA
2561,1,C,0.75
2561,2,C,0.75
2561,3,C,1
2561,4,C,0.75
2561,5,C,1
2562,1,C,0.25
2562,2,C,NA
2562,3,C,NA
2562,4,C,NA
2562,5,C,1
2563,1,SF,0
2563,2,SF,NA
2563,3,SF,NA
2563,4,SF,NA
2563,5,SF,NA
2564,1,V,0.75
2564,2,V,NA
2564,3,V,NA
2564,4,V,NA
2564,5,V,NA
2565,1,V,0.5
2565,2,V,0.5
2565,3,V,NA
2565,4,V,NA
2565,5,V,0.5
2566,1,OE,0
2566,2,OE,NA
2566,3,OE,0
2566,4,OE,0.5
2566,5,OE,0
2567,1,S,0
2567,2,S,NA
2567,3,S,NA
2567,4,S,NA
2567,5,S,NA
2568,1,V,0.25
2568,2,V,NA
2568,3,V,0.75
2568,4,V,1
2568,5,V,0.25
2569,1,S,NA
2569,2,S,NA
2569,3,S,0.75
2569,4,S,0.25
2569,5,S,NA
2570,1,NA,0
2570,2,NA,NA
2570,3,NA,0
2570,4,NA,0
2570,5,NA,0
2571,1,RV,0.75
2571,2,RV,0.75
2571,3,RV,NA
2571,4,RV,NA
2571,5,RV,NA
2572,1,C,0.25
2572,2,C,0.25
2572,3,C,1
2572,4,C,0.75
2572,5,C,0.75
2573,1,RV,0.25
2573,2,RV,NA
2573,3,RV,NA
2573,4,RV,NA
2573,5,RV,NA
2574,1,V,0
2574,2,V,0
2574,3,V,0
2574,4,V,0.25
2574,5,V,0.75
2575,1,V,0.5
2575,2,V,0.25
2575,3,V,1
2575,4,V,1
2575,5,V,NA
2576,1,V,0
2576,2,V,0
2576,3,V,0
2576,4,V,0.25
2576,5,V,0
2577,1,NA,NA
2577,2,NA,NA
2577,3,NA,NA
2577,4,NA,NA
2577,5,NA,NA
2578,1,V,0
2578,2,V,0
2578,3,V,0.25
2578,4,V,0.25
2578,5,V,NA
2579,1,LA,0.75
2579,2,LA,1
2579,3,LA,1
2579,4,LA,1
2579,5,LA,NA
2580,1,RV,0.25
2580,2,RV,NA
2580,3,RV,NA
2580,4,RV,NA
2580,5,RV,NA
2581,1,SF,0
2581,2,SF,0
2581,3,SF,0
2581,4,SF,0
2581,5,SF,0
2582,1,NA,0
2582,2,NA,0
2582,3,NA,0
2582,4,NA,0
2582,5,NA,0
2583,1,RV,0.75
2583,2,RV,NA
2583,3,RV,NA
2583,4,RV,NA
2583,5,RV,NA
2584,1,NA,0.75
2584,2,NA,0.5
2584,3,NA,0.5
2584,4,NA,0.75
2584,5,NA,0.25
2585,1,S,0.5
2585,2,S,NA
2585,3,S,NA
2585,4,S,NA
2585,5,S,NA
2586,1,SF,0
2586,2,SF,NA
2586,3,SF,NA
2586,4,SF,0
2586,5,SF,NA
2587,1,V,0.25
2587,2,V,NA
2587,3,V,NA
2587,4,V,0.75
2587,5,V,0.75
2588,1,DF,0.5
2588,2,DF,0.75
2588,3,DF,1
2588,4,DF,0.5
2588,5,DF,0.75
2589,1,S,0.25
2589,2,S,0
2589,3,S,0.5
2589,4,S,0.25
2589,5,S,0.25
2590,1,V,0.75
2590,2,V,0.5
2590,3,V,NA
2590,4,V,1
2590,5,V,1
2591,1,OE,0
2591,2,OE,0.75
2591,3,OE,NA
2591,4,OE,NA
2591,5,OE,0
2592,1,S,0
2592,2,S,0
2592,3,S,NA
2592,4,S,NA
2592,5,S,NA
2593,1,SF,0.5
2593,2,SF,NA
2593,3,SF,0.25
2593,4,SF,NA
2593,5,SF,0.25
2594,1,V,NA
2594,2,V,NA
2594,3,V,NA
2594,4,V,0.75
2594,5,V,NA
2595,1,S,0.75
2595,2,S,NA
2595,3,S,1
2595,4,S,1
2595,5,S,1
2596,1,NA,0.5
2596,2,NA,NA
2596,3,NA,NA
2596,4,NA,NA
2596,5,NA,NA
2597,1,OE,0.75
2597,2,OE,NA
2597,3,OE,0.25
2597,4,OE,0.75
2597,5,OE,0.75
2598,1,V,1
2598,2,V,NA
2598,3,V,NA
2598,4,V,NA
2598,5,V,NA
2599,1,DF,1
2599,2,DF,0.5
2599,3,DF,0.75
2599,4,DF,0.75
2599,5,DF,0.75
2600,1,SF,0
2600,2,SF,NA
2600,3,SF,NA
2600,4,SF,NA
2600,5,SF,NA
2601,1,V,0.75
2601,2,V,0.25
2601,3,V,1
2601,4,V,1
2601,5,V,1
2602,1,V,0
2602,2,V,0
2602,3,V,0.75
2602,4,V,0
2602,5,V,NA
2603,1,DF,0
2603,2,DF,0
2603,3,DF,0
2603,4,DF,0
2603,5,DF,0
2604,1,S,0
2604,2,S,0
2604,3,S,0
2604,4,S,NA
2604,5,S,NA
2605,1,NA,1
2605,2,NA,1
2605,3,NA,1
2605,4,NA,NA
2605,5,NA,1
2606,1,V,0.75
2606,2,V,0.5
2606,3,V,1
2606,4,V,1
2606,5,V,NA
2607,1,DF,0.5
2607,2,DF,NA
2607,3,DF,NA
2607,4,DF,NA
2607,5,DF,NA
2608,1,SF,0
2608,2,SF,0
2608,3,SF,0
2608,4,SF,0
2608,5,SF,0
2609,1,DF,0.75
2609,2,DF,1
2609,3,DF,1
2609,4,DF,1
2609,5,DF,1
2610,1,V,0.25
2610,2,V,0.75
2610,3,V,0
2610,4,V,0.25
2610,5,V,0.25
2611,1,DF,0.75
2611,2,DF,1
2611,3,DF,NA
2611,4,DF,0.75
2611,5,DF,0.75
2612,1,SF,0
2612,2,SF,0
2612,3,SF,0
2612,4,SF,0
2612,5,SF,0
2613,1,S,0
2613,2,S,NA
2613,3,S,0
2613,4,S,NA
2613,5,S,0
2614,1,V,0.75
2614,2,V,NA
2614,3,V,NA
2614,4,V,NA
2614,5,V,NA
2615,1,C,1
2615,2,C,0.75
2615,3,C,1
2615,4,C,1
2615,5,C,1
2616,1,C,0.75
2616,2,C,0.75
2616,3,C,NA
2616,4,C,0.75
2616,5,C,0.5
2617,1,RV,0.75
2617,2,RV,0.75
2617,3,RV,1
2617,4,RV,0.75
2617,5,RV,0.25
2618,1,V,1
2618,2,V,NA
2618,3,V,NA
2618,4,V,NA
2618,5,V,NA
2619,1,V,0.25
2619,2,V,NA
2619,3,V,NA
2619,4,V,NA
2619,5,V,NA
2620,1,S,0
2620,2,S,0
2620,3,S,0
2620,4,S,0
2620,5,S,0
2621,1,V,0.25
2621,2,V,0.5
2621,3,V,0.5
2621,4,V,0.75
2621,5,V,0.25
2622,1,SF,0
2622,2,SF,0
2622,3,SF,0
2622,4,SF,0
2622,5,SF,0
2623,1,C,0
2623,2,C,0.25
2623,3,C,0.5
2623,4,C,0.25
2623,5,C,0.75
2624,1,NA,0.75
2624,2,NA,1
2624,3,NA,0.75
2624,4,NA,1
2624,5,NA,NA
2625,1,S,0
2625,2,S,0
2625,3,S,0
2625,4,S,0
2625,5,S,0
2626,1,V,1
2626,2,V,NA
2626,3,V,NA
2626,4,V,NA
2626,5,V,NA
2627,1,V,0
2627,2,V,NA
2627,3,V,NA
2627,4,V,NA
2627,5,V,NA
2628,1,V,0
2628,2,V,0.5
2628,3,V,0.5
2628,4,V,1
2628,5,V,0
2629,1,OE,0
2629,2,OE,0
2629,3,OE,0
2629,4,OE,0
2629,5,OE,0
2630,1,SF,0.5
2630,2,SF,NA
2630,3,SF,NA
2630,4,SF,NA
2630,5,SF,NA
2631,1,NA,0.25
2631,2,NA,0.25
2631,3,NA,0.5
2631,4,NA,0.75
2631,5,NA,NA
2632,1,S,NA
2632,2,S,0.5
2632,3,S,0.75
2632,4,S,NA
2632,5,S,NA
2633,1,NA,0.5
2633,2,NA,NA
2633,3,NA,NA
2633,4,NA,NA
2633,5,NA,NA
2634,1,S,0
2634,2,S,0
2634,3,S,0
2634,4,S,NA
2634,5,S,0
2635,1,SF,0.25
2635,2,SF,0.75
2635,3,SF,0.25
2635,4,SF,0.75
2635,5,SF,NA
2636,1,NA,NA
2636,2,NA,NA
2636,3,NA,NA
2636,4,NA,NA
2636,5,NA,NA
2637,1,V,0.5
2637,2,V,0.25
2637,3,V,1
2637,4,V,0.5
2637,5,V,0.75
2638,1,S,0
2638,2,S,0.25
2638,3,S,0.25
2638,4,S,0.25
2638,5,S,0
2639,1,S,0.5
2639,2,S,0.25
2639,3,S,0
2639,4,S,0.25
2639,5,S,NA
2640,1,S,0
2640,2,S,0
2640,3,S,0
2640,4,S,0
2640,5,S,NA
2641,1,V,0.5
2641,2,V,1
2641,3,V,NA
2641,4,V,NA
2641,5,V,NA
2642,1,NA,0.5
2642,2,NA,0.75
2642,3,NA,0.75
2642,4,NA,0.75
2642,5,NA,0.75
2643,1,C,1
2643,2,C,0.75
2643,3,C,0.75
2643,4,C,0.75
2643,5,C,NA
2644,1,S,0
2644,2,S,NA
2644,3,S,NA
2644,4,S,NA
2644,5,S,NA
2645,1,S,0.5
2645,2,S,0.75
2645,3,S,0
2645,4,S,NA
2645,5,S,0.25
2646,1,SF,0.25
2646,2,SF,0.75
2646,3,SF,0.25
2646,4,SF,0.25
2646,5,SF,NA
2647,1,V,0.5
2647,2,V,1
2647,3,V,0.75
2647,4,V,NA
2647,5,V,NA
2648,1,SF,0.25
2648,2,SF,0.25
2648,3,SF,0.5
2648,4,SF,0.5
2648,5,SF,0.25
2649,1,NA,0
2649,2,NA,0
2649,3,NA,0.5
2649,4,NA,0.75
2649,5,NA,NA
2650,1,DF,0
2650,2,DF,0
2650,3,DF,0
2650,4,DF,0
2650,5,DF,NA
2651,1,NA,0
2651,2,NA,0
2651,3,NA,0.25
2651,4,NA,NA
2651,5,NA,NA
2652,1,C,0.75
2652,2,C,0.75
2652,3,C,NA
2652,4,C,0.75
2652,5,C,0.75
2653,1,DF,0.5
2653,2,DF,0.75
2653,3,DF,1
2653,4,DF,1
2653,5,DF,0.75
2654,1,NA,0.25
2654,2,NA,NA
2654,3,NA,NA
2654,4,NA,NA
2654,5,NA,NA
2655,1,OE,0
2655,2,OE,0
2655,3,OE,0
2655,4,OE,0
2655,5,OE,NA
2656,1,C,0.75
2656,2,C,1
2656,3,C,0.75
2656,4,C,1
2656,5,C,1
2657,1,SF,0.75
2657,2,SF,1
2657,3,SF,0.25
2657,4,SF,0.5
2657,5,SF,0.5
2658,1,SF,0.75
2658,2,SF,0.25
2658,3,SF,0
2658,4,SF,0
2658,5,SF,0.25
2659,1,SF,0.25
2659,2,SF,0
2659,3,SF,NA
2659,4,SF,NA
2659,5,SF,NA
2660,1,SF,0.25
2660,2,SF,0.25
2660,3,SF,0
2660,4,SF,0
2660,5,SF,0
2661,1,S,0.25
2661,2,S,0.5
2661,3,S,NA
2661,4,S,0.5
2661,5,S,NA
2662,1,DF,0
2662,2,DF,NA
2662,3,DF,NA
2662,4,DF,NA
2662,5,DF,NA
2663,1,OE,0
2663,2,OE,0
2663,3,OE,0.25
2663,4,OE,0
2663,5,OE,0
2664,1,S,0
2664,2,S,NA
2664,3,S,NA
2664,4,S,0.75
2664,5,S,NA
2665,1,NA,1
2665,2,NA,NA
2665,3,NA,NA
2665,4,NA,0.75
2665,5,NA,0
2666,1,S,0
2666,2,S,0
2666,3,S,0.25
2666,4,S,NA
2666,5,S,NA
2667,1,NA,0.5
2667,2,NA,0.75
2667,3,NA,NA
2667,4,NA,NA
2667,5,NA,0.25
2668,1,S,0
2668,2,S,0.75
2668,3,S,NA
2668,4,S,0
2668,5,S,0.25
2669,1,SF,0
2669,2,SF,NA
2669,3,SF,NA
2669,4,SF,NA
2669,5,SF,NA
2670,1,S,0.25
2670,2,S,0.75
2670,3,S,0.5
2670,4,S,0.25
2670,5,S,0.5
2671,1,SF,0.25
2671,2,SF,NA
2671,3,SF,NA
2671,4,SF,NA
2671,5,SF,NA
2672,1,RV,0
2672,2,RV,0.5
2672,3,RV,0
2672,4,RV,0
2672,5,RV,0.25
2673,1,V,0.25
2673,2,V,NA
2673,3,V,NA
2673,4,V,NA
2673,5,V,NA
2674,1,NA,0.5
2674,2,NA,0.75
2674,3,NA,NA
2674,4,NA,0.75
2674,5,NA,NA
2675,1,SF,0
2675,2,SF,0.25
2675,3,SF,0
2675,4,SF,0.25
2675,5,SF,0.25
2676,1,NA,0.25
2676,2,NA,NA
2676,3,NA,0.25
2676,4,NA,NA
2676,5,NA,0.25
2677,1,S,0
2677,2,S,0.5
2677,3,S,0
2677,4,S,0
2677,5,S,0
2678,1,S,0.25
2678,2,S,0.25
2678,3,S,0.75
2678,4,S,0.25
2678,5,S,0.25
2679,1,SF,0
2679,2,SF,0.25
2679,3,SF,0
2679,4,SF,0.25
2679,5,SF,0.25
2680,1,SF,NA
2680,2,SF,NA
2680,3,SF,NA
2680,4,SF,NA
2680,5,SF,NA
2681,1,OE,0
2681,2,OE,0
2681,3,OE,0.25
2681,4,OE,NA
2681,5,OE,0
2682,1,V,1
2682,2,V,1
2682,3,V,1
2682,4,V,NA
2682,5,V,NA
2683,1,S,0
2683,2,S,0
2683,3,S,0
2683,4,S,0
2683,5,S,NA
2684,1,LA,1
2684,2,LA,NA
2684,3,LA,NA
2684,4,LA,NA
2684,5,LA,NA
2685,1,DF,0
2685,2,DF,NA
2685,3,DF,0.25
2685,4,DF,0.25
2685,5,DF,NA
2686,1,S,0
2686,2,S,0
2686,3,S,0
2686,4,S,0
2686,5,S,0
2687,1,SF,0
2687,2,SF,0
2687,3,SF,0
2687,4,SF,0
2687,5,SF,NA
2688,1,V,0.75
2688,2,V,NA
2688,3,V,NA
2688,4,V,NA
2688,5,V,NA
2689,1,RV,0.75
2689,2,RV,0.75
2689,3,RV,1
2689,4,RV,1
2689,5,RV,NA
2690,1,V,0.5
2690,2,V,NA
2690,3,V,NA
2690,4,V,NA
2690,5,V,NA
2691,1,SF,0.25
2691,2,SF,0.5
2691,3,SF,0.75
2691,4,SF,0.75
2691,5,SF,0.75
2692,1,S,0.5
2692,2,S,0.25
2692,3,S,0
2692,4,S,0.25
2692,5,S,0
2693,1,S,0
2693,2,S,0
2693,3,S,0
2693,4,S,0
2693,5,S,0.25
2694,1,S,1
2694,2,S,0.75
2694,3,S,NA
2694,4,S,NA
2694,5,S,0.75
2695,1,V,0.75
2695,2,V,NA
2695,3,V,NA
2695,4,V,NA
2695,5,V,NA
2696,1,DF,0
2696,2,DF,0.25
2696,3,DF,0.75
2696,4,DF,0
2696,5,DF,0
2697,1,V,1
2697,2,V,1
2697,3,V,1
2697,4,V,0.5
2697,5,V,1
2698,1,DF,0
2698,2,DF,0
2698,3,DF,NA
2698,4,DF,NA
2698,5,DF,NA
2699,1,S,0
2699,2,S,0
2699,3,S,0
2699,4,S,0.5
2699,5,S,0.5
2700,1,S,0.25
2700,2,S,0.25
2700,3,S,0
2700,4,S,0
2700,5,S,0
2701,1,S,0.25
2701,2,S,0.75
2701,3,S,0.25
2701,4,S,0
2701,5,S,0
2702,1,NA,0.75
2702,2,NA,NA
2702,3,NA,NA
2702,4,NA,NA
2702,5,NA,NA
2703,1,DF,1
2703,2,DF,NA
2703,3,DF,NA
2703,4,DF,NA
2703,5,DF,0.75
2704,1,C,0.75
2704,2,C,1
2704,3,C,1
2704,4,C,1
2704,5,C,1
2705,1,V,NA
2705,2,V,0.75
2705,3,V,NA
2705,4,V,0.5
2705,5,V,0.75
2706,1,NA,0
2706,2,NA,NA
2706,3,NA,NA
2706,4,NA,NA
2706,5,NA,NA
2707,1,SF,0
2707,2,SF,NA
2707,3,SF,NA
2707,4,SF,0
2707,5,SF,NA
2708,1,V,0.5
2708,2,V,0.5
2708,3,V,0.5
2708,4,V,NA
2708,5,V,0.5
2709,1,NA,0.5
2709,2,NA,0.25
2709,3,NA,0.5
2709,4,NA,0.5
2709,5,NA,0.5
2710,1,NA,NA
2710,2,NA,NA
2710,3,NA,NA
2710,4,NA,NA
2710,5,NA,NA
2711,1,S,0
2711,2,S,0
2711,3,S,0.25
2711,4,S,0
2711,5,S,0
2712,1,C,0.75
2712,2,C,0.75
2712,3,C,0.5
2712,4,C,1
2712,5,C,0.75
2713,1,C,0
2713,2,C,NA
2713,3,C,NA
2713,4,C,0
2713,5,C,0
2714,1,SF,0
2714,2,SF,0
2714,3,SF,0.75
2714,4,SF,0.25
2714,5,SF,0.25
2715,1,OE,0.25
2715,2,OE,NA
2715,3,OE,NA
2715,4,OE,NA
2715,5,OE,NA
2716,1,SF,0.5
2716,2,SF,0.25
2716,3,SF,0.5
2716,4,SF,NA
2716,5,SF,0.25
2717,1,S,0.25
2717,2,S,0.25
2717,3,S,0
2717,4,S,0.25
2717,5,S,0
2718,1,NA,0.25
2718,2,NA,0.75
2718,3,NA,0.5
2718,4,NA,0.75
2718,5,NA,NA
2719,1,S,1
2719,2,S,0.75
2719,3,S,0.25
2719,4,S,0.25
2719,5,S,NA
2720,1,S,0
2720,2,S,0
2720,3,S,0
2720,4,S,0
2720,5,S,0.25
2721,1,SF,0.25
2721,2,SF,0.75
2721,3,SF,0
2721,4,SF,NA
2721,5,SF,0.25
2722,1,S,0.75
2722,2,S,0.75
2722,3,S,0.75
2722,4,S,0.25
2722,5,S,0
2723,1,C,0
2723,2,C,0.25
2723,3,C,0.75
2723,4,C,0.25
2723,5,C,0.75
2724,1,V,0.75
2724,2,V,NA
2724,3,V,NA
2724,4,V,NA
2724,5,V,NA
2725,1,NA,0.5
2725,2,NA,0.5
2725,3,NA,0.5
2725,4,NA,0.25
2725,5,NA,0.25
2726,1,S,0
2726,2,S,NA
2726,3,S,NA
2726,4,S,NA
2726,5,S,0.25
2727,1,S,0
2727,2,S,NA
2727,3,S,0
2727,4,S,0
2727,5,S,0
2728,1,SF,0
2728,2,SF,NA
2728,3,SF,NA
2728,4,SF,NA
2728,5,SF,NA
2729,1,S,0
2729,2,S,NA
2729,3,S,NA
2729,4,S,NA
2729,5,S,NA
2730,1,S,0
2730,2,S,0
2730,3,S,0
2730,4,S,0
2730,5,S,1
2731,1,V,0.25
2731,2,V,0.75
2731,3,V,0.75
2731,4,V,NA
2731,5,V,NA
2732,1,SF,0.75
2732,2,SF,NA
2732,3,SF,NA
2732,4,SF,NA
2732,5,SF,NA
2733,1,NA,0
2733,2,NA,NA
2733,3,NA,NA
2733,4,NA,NA
2733,5,NA,NA
2734,1,V,0.25
2734,2,V,NA
2734,3,V,NA
2734,4,V,NA
2734,5,V,NA
2735,1,V,0.25
2735,2,V,NA
2735,3,V,NA
2735,4,V,NA
2735,5,V,NA
2736,1,C,0.75
2736,2,C,0.5
2736,3,C,0.75
2736,4,C,0.5
2736,5,C,0.75
2737,1,OE,0.25
2737,2,OE,0.25
2737,3,OE,0
2737,4,OE,0
2737,5,OE,0
2738,1,SF,0
2738,2,SF,NA
2738,3,SF,NA
2738,4,SF,NA
2738,5,SF,NA
2739,1,S,0.5
2739,2,S,NA
2739,3,S,NA
2739,4,S,NA
2739,5,S,NA
2740,1,C,0.25
2740,2,C,0.25
2740,3,C,0.75
2740,4,C,0.75
2740,5,C,0.75
2741,1,RV,0.5
2741,2,RV,0.5
2741,3,RV,0.75
2741,4,RV,0.75
2741,5,RV,0.75
2742,1,S,0
2742,2,S,0
2742,3,S,0
2742,4,S,0.5
2742,5,S,0
2743,1,C,1
2743,2,C,NA
2743,3,C,NA
2743,4,C,NA
2743,5,C,NA
2744,1,RV,0
2744,2,RV,0
2744,3,RV,0.75
2744,4,RV,0.75
2744,5,RV,NA
2745,1,NA,0
2745,2,NA,0
2745,3,NA,0
2745,4,NA,0
2745,5,NA,NA
2746,1,V,0.25
2746,2,V,0.25
2746,3,V,0
2746,4,V,0
2746,5,V,0.25
2747,1,V,0
2747,2,V,1
2747,3,V,1
2747,4,V,0
2747,5,V,1
2748,1,NA,0.25
2748,2,NA,NA
2748,3,NA,NA
2748,4,NA,NA
2748,5,NA,NA
2749,1,V,0
2749,2,V,0.25
2749,3,V,0.75
2749,4,V,NA
2749,5,V,0
2750,1,C,0
2750,2,C,0.75
2750,3,C,NA
2750,4,C,0.75
2750,5,C,NA
2751,1,V,1
2751,2,V,0.25
2751,3,V,0
2751,4,V,1
2751,5,V,1
2752,1,C,0
2752,2,C,NA
2752,3,C,NA
2752,4,C,NA
2752,5,C,NA
2753,1,RV,0.5
2753,2,RV,0.5
2753,3,RV,0.5
2753,4,RV,0.25
2753,5,RV,NA
2754,1,S,1
2754,2,S,NA
2754,3,S,NA
2754,4,S,NA
2754,5,S,NA
2755,1,C,1
2755,2,C,1
2755,3,C,1
2755,4,C,1
2755,5,C,1
2756,1,NA,0.5
2756,2,NA,NA
2756,3,NA,NA
2756,4,NA,NA
2756,5,NA,NA
2757,1,S,0.25
2757,2,S,0.25
2757,3,S,NA
2757,4,S,NA
2757,5,S,NA
2758,1,S,0
2758,2,S,0
2758,3,S,NA
2758,4,S,0
2758,5,S,0
2759,1,C,1
2759,2,C,NA
2759,3,C,NA
2759,4,C,NA
2759,5,C,NA
2760,1,DF,1
2760,2,DF,NA
2760,3,DF,NA
2760,4,DF,0.75
2760,5,DF,NA
2761,1,S,0
2761,2,S,0
2761,3,S,NA
2761,4,S,NA
2761,5,S,0.75
2762,1,S,0
2762,2,S,0
2762,3,S,0
2762,4,S,0
2762,5,S,0.25
2763,1,V,1
2763,2,V,NA
2763,3,V,NA
2763,4,V,1
2763,5,V,1
2764,1,RV,1
2764,2,RV,0.75
2764,3,RV,1
2764,4,RV,NA
2764,5,RV,NA
2765,1,C,1
2765,2,C,1
2765,3,C,1
2765,4,C,1
2765,5,C,1
2766,1,RV,0
2766,2,RV,NA
2766,3,RV,NA
2766,4,RV,NA
2766,5,RV,NA
2767,1,V,0.75
2767,2,V,0.75
2767,3,V,0.75
2767,4,V,0.75
2767,5,V,0.75
2768,1,C,1
2768,2,C,NA
2768,3,C,NA
2768,4,C,0
2768,5,C,0
2769,1,OE,0
2769,2,OE,0
2769,3,OE,0
2769,4,OE,0
2769,5,OE,0
2770,1,C,0
2770,2,C,0
2770,3,C,0
2770,4,C,0
2770,5,C,0
2771,1,S,0
2771,2,S,0
2771,3,S,0
2771,4,S,0
2771,5,S,0
2772,1,V,1
2772,2,V,1
2772,3,V,1
2772,4,V,0.75
2772,5,V,1
2773,1,SF,0
2773,2,SF,0
2773,3,SF,0
2773,4,SF,NA
2773,5,SF,NA
2774,1,S,0
2774,2,S,0.25
2774,3,S,0.25
2774,4,S,0.25
2774,5,S,0.5
2775,1,NA,0.25
2775,2,NA,0.75
2775,3,NA,NA
2775,4,NA,NA
2775,5,NA,0
2776,1,S,0.5
2776,2,S,0
2776,3,S,0
2776,4,S,0.5
2776,5,S,0
2777,1,S,0
2777,2,S,0
2777,3,S,0
2777,4,S,0
2777,5,S,NA
2778,1,S,NA
2778,2,S,0.25
2778,3,S,NA
2778,4,S,0.25
2778,5,S,NA
2779,1,SF,0
2779,2,SF,0
2779,3,SF,0
2779,4,SF,0
2779,5,SF,0
2780,1,NA,0.5
2780,2,NA,0.25
2780,3,NA,0.5
2780,4,NA,0.5
2780,5,NA,0.25
2781,1,S,0
2781,2,S,0
2781,3,S,NA
2781,4,S,NA
2781,5,S,NA
2782,1,S,0
2782,2,S,0
2782,3,S,0.25
2782,4,S,0.25
2782,5,S,0
2783,1,SF,0
2783,2,SF,0
2783,3,SF,NA
2783,4,SF,NA
2783,5,SF,NA
2784,1,SF,0.75
2784,2,SF,0.75
2784,3,SF,1
2784,4,SF,0.75
2784,5,SF,NA
2785,1,NA,0
2785,2,NA,0
2785,3,NA,0
2785,4,NA,0
2785,5,NA,0.25
2786,1,C,1
2786,2,C,1
2786,3,C,1
2786,4,C,1
2786,5,C,1
2787,1,V,0.5
2787,2,V,NA
2787,3,V,NA
2787,4,V,NA
2787,5,V,NA
2788,1,NA,0.25
2788,2,NA,NA
2788,3,NA,NA
2788,4,NA,0
2788,5,NA,NA
2789,1,NA,0.5
2789,2,NA,0.5
2789,3,NA,NA
2789,4,NA,0.5
2789,5,NA,0.5
2790,1,RV,NA
2790,2,RV,0.25
2790,3,RV,0.5
2790,4,RV,0.25
2790,5,RV,0.75
2791,1,S,0
2791,2,S,NA
2791,3,S,0.25
2791,4,S,0.25
2791,5,S,NA
2792,1,NA,1
2792,2,NA,1
2792,3,NA,1
2792,4,NA,1
2792,5,NA,1
2793,1,Kr,0.75
2793,2,Kr,0.75
2793,3,Kr,1
2793,4,Kr,1
2793,5,Kr,1
2794,1,SF,0
2794,2,SF,0
2794,3,SF,0
2794,4,SF,0
2794,5,SF,0
2795,1,LA,1
2795,2,LA,NA
2795,3,LA,NA
2795,4,LA,NA
2795,5,LA,NA
2796,1,C,0.75
2796,2,C,NA
2796,3,C,NA
2796,4,C,NA
2796,5,C,NA
2797,1,SF,0.25
2797,2,SF,0
2797,3,SF,0.5
2797,4,SF,0
2797,5,SF,0.25
2798,1,C,0.75
2798,2,C,0.75
2798,3,C,NA
2798,4,C,1
2798,5,C,1
2799,1,NA,0.75
2799,2,NA,NA
2799,3,NA,0.75
2799,4,NA,0.75
2799,5,NA,NA
2800,1,DF,0.75
2800,2,DF,NA
2800,3,DF,NA
2800,4,DF,NA
2800,5,DF,NA
2801,1,S,0
2801,2,S,0
2801,3,S,0
2801,4,S,0
2801,5,S,0
2802,1,V,0
2802,2,V,NA
2802,3,V,NA
2802,4,V,NA
2802,5,V,NA
2803,1,C,0.75
2803,2,C,0.75
2803,3,C,1
2803,4,C,1
2803,5,C,1
2804,1,S,0
2804,2,S,NA
2804,3,S,NA
2804,4,S,NA
2804,5,S,NA
2805,1,S,0
2805,2,S,0
2805,3,S,NA
2805,4,S,NA
2805,5,S,NA
2806,1,V,0.75
2806,2,V,NA
2806,3,V,NA
2806,4,V,NA
2806,5,V,NA
2807,1,SF,0
2807,2,SF,0
2807,3,SF,0.25
2807,4,SF,0
2807,5,SF,0.25
2808,1,OE,0
2808,2,OE,NA
2808,3,OE,NA
2808,4,OE,NA
2808,5,OE,NA
2809,1,V,0.25
2809,2,V,NA
2809,3,V,0.5
2809,4,V,NA
2809,5,V,NA
2810,1,DF,1
2810,2,DF,1
2810,3,DF,NA
2810,4,DF,NA
2810,5,DF,NA
2811,1,NA,0.25
2811,2,NA,0.25
2811,3,NA,0.25
2811,4,NA,0.25
2811,5,NA,0.25
2812,1,NA,0.5
2812,2,NA,0.25
2812,3,NA,0.25
2812,4,NA,0.5
2812,5,NA,0
2813,1,SF,0.75
2813,2,SF,0.25
2813,3,SF,0.25
2813,4,SF,0.5
2813,5,SF,0.25
2814,1,NA,0.5
2814,2,NA,0.75
2814,3,NA,0.75
2814,4,NA,NA
2814,5,NA,NA
2815,1,NA,0.75
2815,2,NA,NA
2815,3,NA,NA
2815,4,NA,NA
2815,5,NA,NA
2816,1,SF,0.25
2816,2,SF,NA
2816,3,SF,0.75
2816,4,SF,1
2816,5,SF,0.75
2817,1,V,0.75
2817,2,V,0.75
2817,3,V,1
2817,4,V,NA
2817,5,V,NA
2818,1,RV,0
2818,2,RV,0
2818,3,RV,0.5
2818,4,RV,0.25
2818,5,RV,0.75
2819,1,V,0
2819,2,V,0
2819,3,V,0
2819,4,V,NA
2819,5,V,NA
2820,1,NA,0
2820,2,NA,0
2820,3,NA,0
2820,4,NA,NA
2820,5,NA,NA
2821,1,V,1
2821,2,V,NA
2821,3,V,NA
2821,4,V,NA
2821,5,V,NA
2822,1,SF,0.25
2822,2,SF,0.25
2822,3,SF,NA
2822,4,SF,0.25
2822,5,SF,NA
2823,1,NA,0.5
2823,2,NA,0.75
2823,3,NA,0.5
2823,4,NA,0.75
2823,5,NA,NA
2824,1,NA,0.25
2824,2,NA,0
2824,3,NA,0.75
2824,4,NA,0.5
2824,5,NA,0.5
2825,1,NA,1
2825,2,NA,NA
2825,3,NA,NA
2825,4,NA,NA
2825,5,NA,NA
2826,1,OE,NA
2826,2,OE,NA
2826,3,OE,0.25
2826,4,OE,0.25
2826,5,OE,NA
2827,1,V,1
2827,2,V,1
2827,3,V,1
2827,4,V,1
2827,5,V,NA
2828,1,SF,0
2828,2,SF,0
2828,3,SF,0
2828,4,SF,0
2828,5,SF,NA
2829,1,S,0
2829,2,S,0.25
2829,3,S,0
2829,4,S,0.5
2829,5,S,0.25
2830,1,S,0
2830,2,S,0
2830,3,S,0
2830,4,S,0
2830,5,S,0
2831,1,DF,0
2831,2,DF,0
2831,3,DF,0
2831,4,DF,0
2831,5,DF,0
2832,1,S,0.75
2832,2,S,0.75
2832,3,S,0.5
2832,4,S,0
2832,5,S,NA
2833,1,V,0.5
2833,2,V,0.5
2833,3,V,NA
2833,4,V,0.5
2833,5,V,0.75
2834,1,S,0.25
2834,2,S,0.25
2834,3,S,0
2834,4,S,0
2834,5,S,NA
2835,1,SF,0.75
2835,2,SF,NA
2835,3,SF,NA
2835,4,SF,NA
2835,5,SF,NA
2836,1,S,0
2836,2,S,NA
2836,3,S,NA
2836,4,S,NA
2836,5,S,NA
2837,1,S,0.25
2837,2,S,0.5
2837,3,S,0.5
2837,4,S,0.25
2837,5,S,0
2838,1,RV,0.25
2838,2,RV,0.5
2838,3,RV,0.5
2838,4,RV,0.25
2838,5,RV,NA
2839,1,DF,0
2839,2,DF,NA
2839,3,DF,NA
2839,4,DF,NA
2839,5,DF,NA
2840,1,SF,0
2840,2,SF,NA
2840,3,SF,NA
2840,4,SF,NA
2840,5,SF,NA
2841,1,S,NA
2841,2,S,NA
2841,3,S,NA
2841,4,S,NA
2841,5,S,NA
2842,1,V,0.5
2842,2,V,0.75
2842,3,V,1
2842,4,V,1
2842,5,V,0.75
2843,1,SF,0
2843,2,SF,0
2843,3,SF,0
2843,4,SF,NA
2843,5,SF,NA
2844,1,S,0
2844,2,S,NA
2844,3,S,NA
2844,4,S,NA
2844,5,S,NA
2845,1,RV,1
2845,2,RV,1
2845,3,RV,0.75
2845,4,RV,1
2845,5,RV,0.75
2846,1,S,0.25
2846,2,S,1
2846,3,S,0.75
2846,4,S,NA
2846,5,S,NA
2847,1,C,1
2847,2,C,1
2847,3,C,1
2847,4,C,1
2847,5,C,0.75
2848,1,SF,0.25
2848,2,SF,0.25
2848,3,SF,0.25
2848,4,SF,0
2848,5,SF,0
2849,1,SF,0
2849,2,SF,0.25
2849,3,SF,0.25
2849,4,SF,0.25
2849,5,SF,0.25
2850,1,RV,0.75
2850,2,RV,1
2850,3,RV,NA
2850,4,RV,0.75
2850,5,RV,1
2851,1,OE,1
2851,2,OE,0
2851,3,OE,0
2851,4,OE,0
2851,5,OE,0
2852,1,C,0
2852,2,C,0
2852,3,C,0
2852,4,C,0
2852,5,C,0
2853,1,C,1
2853,2,C,1
2853,3,C,1
2853,4,C,1
2853,5,C,1
2854,1,S,0
2854,2,S,NA
2854,3,S,NA
2854,4,S,0
2854,5,S,NA
2855,1,DF,0.25
2855,2,DF,0.25
2855,3,DF,1
2855,4,DF,0.75
2855,5,DF,0.5
2856,1,V,0.75
2856,2,V,0.75
2856,3,V,1
2856,4,V,1
2856,5,V,1
2857,1,LA,1
2857,2,LA,1
2857,3,LA,1
2857,4,LA,1
2857,5,LA,1
2858,1,V,1
2858,2,V,1
2858,3,V,1
2858,4,V,1
2858,5,V,NA
2859,1,DF,0.75
2859,2,DF,0.25
2859,3,DF,0
2859,4,DF,0.25
2859,5,DF,NA
2860,1,V,0.25
2860,2,V,0.25
2860,3,V,0.75
2860,4,V,0.25
2860,5,V,0.25
2861,1,Kr,0
2861,2,Kr,NA
2861,3,Kr,NA
2861,4,Kr,0
2861,5,Kr,0.25
2862,1,C,0.5
2862,2,C,NA
2862,3,C,NA
2862,4,C,0.75
2862,5,C,NA
2863,1,NA,0
2863,2,NA,0
2863,3,NA,0.75
2863,4,NA,0.25
2863,5,NA,0
2864,1,S,0
2864,2,S,0
2864,3,S,0
2864,4,S,0
2864,5,S,0
2865,1,NA,0.25
2865,2,NA,0
2865,3,NA,0
2865,4,NA,0
2865,5,NA,0.25
2866,1,NA,0
2866,2,NA,0.5
2866,3,NA,NA
2866,4,NA,NA
2866,5,NA,NA
2867,1,OE,0.25
2867,2,OE,0
2867,3,OE,0
2867,4,OE,0
2867,5,OE,0
2868,1,C,0.25
2868,2,C,NA
2868,3,C,NA
2868,4,C,NA
2868,5,C,NA
2869,1,LA,0.75
2869,2,LA,1
2869,3,LA,1
2869,4,LA,1
2869,5,LA,1
2870,1,SF,0
2870,2,SF,0
2870,3,SF,0
2870,4,SF,0
2870,5,SF,0
2871,1,DF,0.25
2871,2,DF,NA
2871,3,DF,0
2871,4,DF,0
2871,5,DF,0
2872,1,C,0.75
2872,2,C,NA
2872,3,C,NA
2872,4,C,NA
2872,5,C,NA
2873,1,SF,0
2873,2,SF,1
2873,3,SF,0
2873,4,SF,0.75
2873,5,SF,NA
2874,1,V,0
2874,2,V,0
2874,3,V,0.75
2874,4,V,0.25
2874,5,V,0.25
2875,1,DF,0
2875,2,DF,NA
2875,3,DF,NA
2875,4,DF,NA
2875,5,DF,0.5
2876,1,SF,0
2876,2,SF,0
2876,3,SF,0
2876,4,SF,0
2876,5,SF,0
2877,1,NA,0
2877,2,NA,NA
2877,3,NA,NA
2877,4,NA,0
2877,5,NA,0
2878,1,S,0
2878,2,S,NA
2878,3,S,NA
2878,4,S,NA
2878,5,S,NA
2879,1,V,0
2879,2,V,0
2879,3,V,1
2879,4,V,0.75
2879,5,V,0.5
2880,1,NA,1
2880,2,NA,1
2880,3,NA,1
2880,4,NA,1
2880,5,NA,1
2881,1,S,0
2881,2,S,0
2881,3,S,0
2881,4,S,0
2881,5,S,0
2882,1,S,0
2882,2,S,NA
2882,3,S,0
2882,4,S,0
2882,5,S,0
2883,1,SF,0
2883,2,SF,0
2883,3,SF,0
2883,4,SF,0
2883,5,SF,0
2884,1,S,0.5
2884,2,S,0.75
2884,3,S,0.75
2884,4,S,0.75
2884,5,S,0.75
2885,1,SF,0
2885,2,SF,NA
2885,3,SF,NA
2885,4,SF,NA
2885,5,SF,NA
2886,1,S,1
2886,2,S,1
2886,3,S,1
2886,4,S,1
2886,5,S,1
2887,1,SF,0.25
2887,2,SF,0.25
2887,3,SF,0.25
2887,4,SF,0.75
2887,5,SF,0.5
2888,1,NA,1
2888,2,NA,1
2888,3,NA,NA
2888,4,NA,NA
2888,5,NA,NA
2889,1,V,0.5
2889,2,V,0.75
2889,3,V,1
2889,4,V,0.5
2889,5,V,NA
2890,1,V,0.75
2890,2,V,0.75
2890,3,V,1
2890,4,V,1
2890,5,V,1
2891,1,C,0.75
2891,2,C,0.5
2891,3,C,1
2891,4,C,1
2891,5,C,1
2892,1,SF,0
2892,2,SF,0
2892,3,SF,0
2892,4,SF,0
2892,5,SF,0
2893,1,SF,0.25
2893,2,SF,NA
2893,3,SF,0
2893,4,SF,0
2893,5,SF,0.25
2894,1,S,0
2894,2,S,0
2894,3,S,NA
2894,4,S,NA
2894,5,S,NA
2895,1,V,1
2895,2,V,1
2895,3,V,1
2895,4,V,1
2895,5,V,0.75
2896,1,NA,0.5
2896,2,NA,0
2896,3,NA,0.25
2896,4,NA,0.75
2896,5,NA,0.75
2897,1,V,0.75
2897,2,V,0.75
2897,3,V,0.75
2897,4,V,0.75
2897,5,V,0.75
2898,1,NA,0
2898,2,NA,0
2898,3,NA,NA
2898,4,NA,NA
2898,5,NA,NA
2899,1,V,0.25
2899,2,V,NA
2899,3,V,NA
2899,4,V,NA
2899,5,V,NA
2900,1,V,0.5
2900,2,V,0.5
2900,3,V,1
2900,4,V,0.5
2900,5,V,0.5
2901,1,OE,0.5
2901,2,OE,0.5
2901,3,OE,0.25
2901,4,OE,0.75
2901,5,OE,0.25
2902,1,S,0
2902,2,S,0
2902,3,S,0
2902,4,S,0
2902,5,S,0
